<?xml version="1.0" encoding="UTF-8"?>
<metadata xml:lang="zh"><Esri><CreaDate>20191130</CreaDate><CreaTime>14274500</CreaTime><SyncOnce>FALSE</SyncOnce><DataProperties><lineage><Process ToolSource="C:\Program Files\ArcGIS\ArcToolbox\Toolboxes\Data Management Tools.tbx\AddField" Date="20120308" Time="155326">AddField D:\本机临时数据处理\model.gdb\MainDataFrame\BOUA FEAID LONG # # # # NULLABLE REQUIRED # D:\本机临时数据处理\model.gdb\MainDataFrame\BOUA</Process><Process ToolSource="C:\Program Files\ArcGIS\ArcToolbox\Toolboxes\Data Management Tools.tbx\AddField" Date="20120308" Time="155329">AddField D:\本机临时数据处理\model.gdb\MainDataFrame\BOUA STACOD TEXT # # 2 # NON_NULLABLE REQUIRED # D:\本机临时数据处理\model.gdb\MainDataFrame\BOUA</Process><Process ToolSource="C:\Program Files\ArcGIS\ArcToolbox\Toolboxes\Data Management Tools.tbx\AddField" Date="20120308" Time="155331">AddField D:\本机临时数据处理\model.gdb\MainDataFrame\BOUA VERS TEXT # # 4 # NON_NULLABLE REQUIRED # D:\本机临时数据处理\model.gdb\MainDataFrame\BOUA</Process><Process ToolSource="C:\ArcGIS\ArcToolbox\Toolboxes\Data Management Tools.tbx\CopyFeatures" Date="20140118" Time="123310">CopyFeatures C:\Users\dell\Desktop\ljw\模板.gdb\MainDataFrame\BOUA C:\Users\dell\Desktop\ljw\增量模板2014.gdb\MainDataFrame\BOUA # 0 0 0</Process><Process ToolSource="C:\Program Files (x86)\ArcGIS\ArcToolbox\Toolboxes\Data Management Tools.tbx\DeleteField" Date="20150618" Time="153426">DeleteField G:\百万数据\百万地形数据.gdb\maindataframe\BOUA STACOD;FEAID;VERS G:\百万数据\百万地形数据.gdb\maindataframe\BOUA</Process><Process ToolSource="C:\Program Files (x86)\ArcGIS\ArcToolbox\Toolboxes\Data Management Tools.tbx\Append" Date="20150618" Time="153654">Append G:\百万数据\MainDataFrame-77幅本地库GDB备份.gdb\MainDataFrame/BOUA G:\百万数据\百万地形数据.gdb\maindataframe/BOUA NO_TEST "PAC 'PAC' true false false 4 Long 0 0 ,First,#,G:\百万数据\MainDataFrame-77幅本地库GDB备份.gdb\MainDataFrame/BOUA,PAC,-1,-1;NAME 'NAME' true true false 60 Text 0 0 ,First,#,G:\百万数据\MainDataFrame-77幅本地库GDB备份.gdb\MainDataFrame/BOUA,NAME,-1,-1;SHAPE_Length 'SHAPE_Length' false true true 8 Double 0 0 ,First,#,G:\百万数据\MainDataFrame-77幅本地库GDB备份.gdb\MainDataFrame/BOUA,SHAPE_Length,-1,-1;SHAPE_Area 'SHAPE_Area' false true true 8 Double 0 0 ,First,#,G:\百万数据\MainDataFrame-77幅本地库GDB备份.gdb\MainDataFrame/BOUA,SHAPE_Area,-1,-1" # G:\百万数据\百万地形数据.gdb\maindataframe/BOUA</Process><Process ToolSource="C:\Program Files (x86)\ArcGIS\ArcToolbox\Toolboxes\Data Management Tools.tbx\Append" Date="20150721" Time="161647">Append G:\百万数据\新建文件夹\J45\制图成果数据\MainDataFrame.gdb\MainDataFrame/BOUA G:\百万数据\百万地形分幅数据\J45.gdb/BOUA NO_TEST "PAC 'PAC' true false false 4 Long 0 0 ,First,#,G:\百万数据\新建文件夹\J45\制图成果数据\MainDataFrame.gdb\MainDataFrame/BOUA,PAC,-1,-1;NAME 'NAME' true true false 60 Text 0 0 ,First,#,G:\百万数据\新建文件夹\J45\制图成果数据\MainDataFrame.gdb\MainDataFrame/BOUA,NAME,-1,-1;SHAPE_Length 'SHAPE_Length' false true true 8 Double 0 0 ,First,#,G:\百万数据\新建文件夹\J45\制图成果数据\MainDataFrame.gdb\MainDataFrame/BOUA,SHAPE_Length,-1,-1;SHAPE_Area 'SHAPE_Area' false true true 8 Double 0 0 ,First,#,G:\百万数据\新建文件夹\J45\制图成果数据\MainDataFrame.gdb\MainDataFrame/BOUA,SHAPE_Area,-1,-1" # G:\百万数据\百万地形分幅数据\J45.gdb/BOUA</Process><Process ToolSource="c:\program files (x86)\arcgis\desktop10.2\ArcToolbox\Toolboxes\Data Management Tools.tbx\Append" Date="20170619" Time="111658">Append D:\数据处理\2016年100万数据\data\A49\成果数据\maindataframe.gdb\MainDataFrame\BOUA D:\BW.gdb\MainDataFrame\BOUA NO_TEST "PAC "PAC" true false false 4 Long 0 0 ,First,#,D:\数据处理\2016年100万数据\data\A49\成果数据\maindataframe.gdb\MainDataFrame\BOUA,PAC,-1,-1;NAME "NAME" true true false 60 Text 0 0 ,First,#,D:\数据处理\2016年100万数据\data\A49\成果数据\maindataframe.gdb\MainDataFrame\BOUA,NAME,-1,-1;SHAPE_Length "SHAPE_Length" false true true 8 Double 0 0 ,First,#,D:\数据处理\2016年100万数据\data\A49\成果数据\maindataframe.gdb\MainDataFrame\BOUA,SHAPE_Length,-1,-1;SHAPE_Area "SHAPE_Area" false true true 8 Double 0 0 ,First,#,D:\数据处理\2016年100万数据\data\A49\成果数据\maindataframe.gdb\MainDataFrame\BOUA,SHAPE_Area,-1,-1" #</Process><Process ToolSource="c:\program files (x86)\arcgis\desktop10.2\ArcToolbox\Toolboxes\Data Management Tools.tbx\Append" Date="20170619" Time="111734">Append D:\数据处理\2016年100万数据\data\B49\成果数据\maindataframe.gdb\MainDataFrame\BOUA D:\BW.gdb\MainDataFrame\BOUA NO_TEST "PAC "PAC" true false false 4 Long 0 0 ,First,#,D:\数据处理\2016年100万数据\data\B49\成果数据\maindataframe.gdb\MainDataFrame\BOUA,PAC,-1,-1;NAME "NAME" true true false 60 Text 0 0 ,First,#,D:\数据处理\2016年100万数据\data\B49\成果数据\maindataframe.gdb\MainDataFrame\BOUA,NAME,-1,-1;SHAPE_Length "SHAPE_Length" false true true 8 Double 0 0 ,First,#,D:\数据处理\2016年100万数据\data\B49\成果数据\maindataframe.gdb\MainDataFrame\BOUA,SHAPE_Length,-1,-1;SHAPE_Area "SHAPE_Area" false true true 8 Double 0 0 ,First,#,D:\数据处理\2016年100万数据\data\B49\成果数据\maindataframe.gdb\MainDataFrame\BOUA,SHAPE_Area,-1,-1" #</Process><Process ToolSource="c:\program files (x86)\arcgis\desktop10.2\ArcToolbox\Toolboxes\Data Management Tools.tbx\Append" Date="20170619" Time="111805">Append D:\数据处理\2016年100万数据\data\B50\成果数据\maindataframe.gdb\MainDataFrame\BOUA D:\BW.gdb\MainDataFrame\BOUA NO_TEST "PAC "PAC" true false false 4 Long 0 0 ,First,#,D:\数据处理\2016年100万数据\data\B50\成果数据\maindataframe.gdb\MainDataFrame\BOUA,PAC,-1,-1;NAME "NAME" true true false 60 Text 0 0 ,First,#,D:\数据处理\2016年100万数据\data\B50\成果数据\maindataframe.gdb\MainDataFrame\BOUA,NAME,-1,-1;SHAPE_Length "SHAPE_Length" false true true 8 Double 0 0 ,First,#,D:\数据处理\2016年100万数据\data\B50\成果数据\maindataframe.gdb\MainDataFrame\BOUA,SHAPE_Length,-1,-1;SHAPE_Area "SHAPE_Area" false true true 8 Double 0 0 ,First,#,D:\数据处理\2016年100万数据\data\B50\成果数据\maindataframe.gdb\MainDataFrame\BOUA,SHAPE_Area,-1,-1" #</Process><Process ToolSource="c:\program files (x86)\arcgis\desktop10.2\ArcToolbox\Toolboxes\Data Management Tools.tbx\Append" Date="20170619" Time="111835">Append D:\数据处理\2016年100万数据\data\C49\成果数据\maindataframe.gdb\MainDataFrame\BOUA D:\BW.gdb\MainDataFrame\BOUA NO_TEST "PAC "PAC" true false false 4 Long 0 0 ,First,#,D:\数据处理\2016年100万数据\data\C49\成果数据\maindataframe.gdb\MainDataFrame\BOUA,PAC,-1,-1;NAME "NAME" true true false 60 Text 0 0 ,First,#,D:\数据处理\2016年100万数据\data\C49\成果数据\maindataframe.gdb\MainDataFrame\BOUA,NAME,-1,-1;SHAPE_Length "SHAPE_Length" false true true 8 Double 0 0 ,First,#,D:\数据处理\2016年100万数据\data\C49\成果数据\maindataframe.gdb\MainDataFrame\BOUA,SHAPE_Length,-1,-1;SHAPE_Area "SHAPE_Area" false true true 8 Double 0 0 ,First,#,D:\数据处理\2016年100万数据\data\C49\成果数据\maindataframe.gdb\MainDataFrame\BOUA,SHAPE_Area,-1,-1" #</Process><Process ToolSource="c:\program files (x86)\arcgis\desktop10.2\ArcToolbox\Toolboxes\Data Management Tools.tbx\Append" Date="20170619" Time="111906">Append D:\数据处理\2016年100万数据\data\C50\成果数据\maindataframe.gdb\MainDataFrame\BOUA D:\BW.gdb\MainDataFrame\BOUA NO_TEST "PAC "PAC" true false false 4 Long 0 0 ,First,#,D:\数据处理\2016年100万数据\data\C50\成果数据\maindataframe.gdb\MainDataFrame\BOUA,PAC,-1,-1;NAME "NAME" true true false 60 Text 0 0 ,First,#,D:\数据处理\2016年100万数据\data\C50\成果数据\maindataframe.gdb\MainDataFrame\BOUA,NAME,-1,-1;SHAPE_Length "SHAPE_Length" false true true 8 Double 0 0 ,First,#,D:\数据处理\2016年100万数据\data\C50\成果数据\maindataframe.gdb\MainDataFrame\BOUA,SHAPE_Length,-1,-1;SHAPE_Area "SHAPE_Area" false true true 8 Double 0 0 ,First,#,D:\数据处理\2016年100万数据\data\C50\成果数据\maindataframe.gdb\MainDataFrame\BOUA,SHAPE_Area,-1,-1" #</Process><Process ToolSource="c:\program files (x86)\arcgis\desktop10.2\ArcToolbox\Toolboxes\Data Management Tools.tbx\Append" Date="20170619" Time="111938">Append D:\数据处理\2016年100万数据\data\D49\成果数据\maindataframe.gdb\MainDataFrame\BOUA D:\BW.gdb\MainDataFrame\BOUA NO_TEST "PAC "PAC" true false false 4 Long 0 0 ,First,#,D:\数据处理\2016年100万数据\data\D49\成果数据\maindataframe.gdb\MainDataFrame\BOUA,PAC,-1,-1;NAME "NAME" true true false 60 Text 0 0 ,First,#,D:\数据处理\2016年100万数据\data\D49\成果数据\maindataframe.gdb\MainDataFrame\BOUA,NAME,-1,-1;SHAPE_Length "SHAPE_Length" false true true 8 Double 0 0 ,First,#,D:\数据处理\2016年100万数据\data\D49\成果数据\maindataframe.gdb\MainDataFrame\BOUA,SHAPE_Length,-1,-1;SHAPE_Area "SHAPE_Area" false true true 8 Double 0 0 ,First,#,D:\数据处理\2016年100万数据\data\D49\成果数据\maindataframe.gdb\MainDataFrame\BOUA,SHAPE_Area,-1,-1" #</Process><Process ToolSource="c:\program files (x86)\arcgis\desktop10.2\ArcToolbox\Toolboxes\Data Management Tools.tbx\Append" Date="20170619" Time="112008">Append D:\数据处理\2016年100万数据\data\D50\成果数据\maindataframe.gdb\MainDataFrame\BOUA D:\BW.gdb\MainDataFrame\BOUA NO_TEST "PAC "PAC" true false false 4 Long 0 0 ,First,#,D:\数据处理\2016年100万数据\data\D50\成果数据\maindataframe.gdb\MainDataFrame\BOUA,PAC,-1,-1;NAME "NAME" true true false 60 Text 0 0 ,First,#,D:\数据处理\2016年100万数据\data\D50\成果数据\maindataframe.gdb\MainDataFrame\BOUA,NAME,-1,-1;SHAPE_Length "SHAPE_Length" false true true 8 Double 0 0 ,First,#,D:\数据处理\2016年100万数据\data\D50\成果数据\maindataframe.gdb\MainDataFrame\BOUA,SHAPE_Length,-1,-1;SHAPE_Area "SHAPE_Area" false true true 8 Double 0 0 ,First,#,D:\数据处理\2016年100万数据\data\D50\成果数据\maindataframe.gdb\MainDataFrame\BOUA,SHAPE_Area,-1,-1" #</Process><Process ToolSource="c:\program files (x86)\arcgis\desktop10.2\ArcToolbox\Toolboxes\Data Management Tools.tbx\Append" Date="20170619" Time="112039">Append D:\数据处理\2016年100万数据\data\E48\成果数据\maindataframe.gdb\MainDataFrame\BOUA D:\BW.gdb\MainDataFrame\BOUA NO_TEST "PAC "PAC" true false false 4 Long 0 0 ,First,#,D:\数据处理\2016年100万数据\data\E48\成果数据\maindataframe.gdb\MainDataFrame\BOUA,PAC,-1,-1;NAME "NAME" true true false 60 Text 0 0 ,First,#,D:\数据处理\2016年100万数据\data\E48\成果数据\maindataframe.gdb\MainDataFrame\BOUA,NAME,-1,-1;SHAPE_Length "SHAPE_Length" false true true 8 Double 0 0 ,First,#,D:\数据处理\2016年100万数据\data\E48\成果数据\maindataframe.gdb\MainDataFrame\BOUA,SHAPE_Length,-1,-1;SHAPE_Area "SHAPE_Area" false true true 8 Double 0 0 ,First,#,D:\数据处理\2016年100万数据\data\E48\成果数据\maindataframe.gdb\MainDataFrame\BOUA,SHAPE_Area,-1,-1" #</Process><Process ToolSource="c:\program files (x86)\arcgis\desktop10.2\ArcToolbox\Toolboxes\Data Management Tools.tbx\Append" Date="20170619" Time="112111">Append D:\数据处理\2016年100万数据\data\E49\成果数据\maindataframe.gdb\MainDataFrame\BOUA D:\BW.gdb\MainDataFrame\BOUA NO_TEST "PAC "PAC" true false false 4 Long 0 0 ,First,#,D:\数据处理\2016年100万数据\data\E49\成果数据\maindataframe.gdb\MainDataFrame\BOUA,PAC,-1,-1;NAME "NAME" true true false 60 Text 0 0 ,First,#,D:\数据处理\2016年100万数据\data\E49\成果数据\maindataframe.gdb\MainDataFrame\BOUA,NAME,-1,-1;SHAPE_Length "SHAPE_Length" false true true 8 Double 0 0 ,First,#,D:\数据处理\2016年100万数据\data\E49\成果数据\maindataframe.gdb\MainDataFrame\BOUA,SHAPE_Length,-1,-1;SHAPE_Area "SHAPE_Area" false true true 8 Double 0 0 ,First,#,D:\数据处理\2016年100万数据\data\E49\成果数据\maindataframe.gdb\MainDataFrame\BOUA,SHAPE_Area,-1,-1" #</Process><Process ToolSource="c:\program files (x86)\arcgis\desktop10.2\ArcToolbox\Toolboxes\Data Management Tools.tbx\Append" Date="20170619" Time="112143">Append D:\数据处理\2016年100万数据\data\E50\成果数据\maindataframe.gdb\MainDataFrame\BOUA D:\BW.gdb\MainDataFrame\BOUA NO_TEST "PAC "PAC" true false false 4 Long 0 0 ,First,#,D:\数据处理\2016年100万数据\data\E50\成果数据\maindataframe.gdb\MainDataFrame\BOUA,PAC,-1,-1;NAME "NAME" true true false 60 Text 0 0 ,First,#,D:\数据处理\2016年100万数据\data\E50\成果数据\maindataframe.gdb\MainDataFrame\BOUA,NAME,-1,-1;SHAPE_Length "SHAPE_Length" false true true 8 Double 0 0 ,First,#,D:\数据处理\2016年100万数据\data\E50\成果数据\maindataframe.gdb\MainDataFrame\BOUA,SHAPE_Length,-1,-1;SHAPE_Area "SHAPE_Area" false true true 8 Double 0 0 ,First,#,D:\数据处理\2016年100万数据\data\E50\成果数据\maindataframe.gdb\MainDataFrame\BOUA,SHAPE_Area,-1,-1" #</Process><Process ToolSource="c:\program files (x86)\arcgis\desktop10.2\ArcToolbox\Toolboxes\Data Management Tools.tbx\Append" Date="20170619" Time="112213">Append D:\数据处理\2016年100万数据\data\E51\成果数据\maindataframe.gdb\MainDataFrame\BOUA D:\BW.gdb\MainDataFrame\BOUA NO_TEST "PAC "PAC" true false false 4 Long 0 0 ,First,#,D:\数据处理\2016年100万数据\data\E51\成果数据\maindataframe.gdb\MainDataFrame\BOUA,PAC,-1,-1;NAME "NAME" true true false 60 Text 0 0 ,First,#,D:\数据处理\2016年100万数据\data\E51\成果数据\maindataframe.gdb\MainDataFrame\BOUA,NAME,-1,-1;SHAPE_Length "SHAPE_Length" false true true 8 Double 0 0 ,First,#,D:\数据处理\2016年100万数据\data\E51\成果数据\maindataframe.gdb\MainDataFrame\BOUA,SHAPE_Length,-1,-1;SHAPE_Area "SHAPE_Area" false true true 8 Double 0 0 ,First,#,D:\数据处理\2016年100万数据\data\E51\成果数据\maindataframe.gdb\MainDataFrame\BOUA,SHAPE_Area,-1,-1" #</Process><Process ToolSource="c:\program files (x86)\arcgis\desktop10.2\ArcToolbox\Toolboxes\Data Management Tools.tbx\Append" Date="20170619" Time="112245">Append D:\数据处理\2016年100万数据\data\F47\成果数据\maindataframe.gdb\MainDataFrame\BOUA D:\BW.gdb\MainDataFrame\BOUA NO_TEST "PAC "PAC" true false false 4 Long 0 0 ,First,#,D:\数据处理\2016年100万数据\data\F47\成果数据\maindataframe.gdb\MainDataFrame\BOUA,PAC,-1,-1;NAME "NAME" true true false 60 Text 0 0 ,First,#,D:\数据处理\2016年100万数据\data\F47\成果数据\maindataframe.gdb\MainDataFrame\BOUA,NAME,-1,-1;SHAPE_Length "SHAPE_Length" false true true 8 Double 0 0 ,First,#,D:\数据处理\2016年100万数据\data\F47\成果数据\maindataframe.gdb\MainDataFrame\BOUA,SHAPE_Length,-1,-1;SHAPE_Area "SHAPE_Area" false true true 8 Double 0 0 ,First,#,D:\数据处理\2016年100万数据\data\F47\成果数据\maindataframe.gdb\MainDataFrame\BOUA,SHAPE_Area,-1,-1" #</Process><Process ToolSource="c:\program files (x86)\arcgis\desktop10.2\ArcToolbox\Toolboxes\Data Management Tools.tbx\Append" Date="20170619" Time="112322">Append D:\数据处理\2016年100万数据\data\F48\成果数据\maindataframe.gdb\MainDataFrame\BOUA D:\BW.gdb\MainDataFrame\BOUA NO_TEST "PAC "PAC" true false false 4 Long 0 0 ,First,#,D:\数据处理\2016年100万数据\data\F48\成果数据\maindataframe.gdb\MainDataFrame\BOUA,PAC,-1,-1;NAME "NAME" true true false 60 Text 0 0 ,First,#,D:\数据处理\2016年100万数据\data\F48\成果数据\maindataframe.gdb\MainDataFrame\BOUA,NAME,-1,-1;SHAPE_Length "SHAPE_Length" false true true 8 Double 0 0 ,First,#,D:\数据处理\2016年100万数据\data\F48\成果数据\maindataframe.gdb\MainDataFrame\BOUA,SHAPE_Length,-1,-1;SHAPE_Area "SHAPE_Area" false true true 8 Double 0 0 ,First,#,D:\数据处理\2016年100万数据\data\F48\成果数据\maindataframe.gdb\MainDataFrame\BOUA,SHAPE_Area,-1,-1" #</Process><Process ToolSource="c:\program files (x86)\arcgis\desktop10.2\ArcToolbox\Toolboxes\Data Management Tools.tbx\Append" Date="20170619" Time="112401">Append D:\数据处理\2016年100万数据\data\F49\成果数据\maindataframe.gdb\MainDataFrame\BOUA D:\BW.gdb\MainDataFrame\BOUA NO_TEST "PAC "PAC" true false false 4 Long 0 0 ,First,#,D:\数据处理\2016年100万数据\data\F49\成果数据\maindataframe.gdb\MainDataFrame\BOUA,PAC,-1,-1;NAME "NAME" true true false 60 Text 0 0 ,First,#,D:\数据处理\2016年100万数据\data\F49\成果数据\maindataframe.gdb\MainDataFrame\BOUA,NAME,-1,-1;SHAPE_Length "SHAPE_Length" false true true 8 Double 0 0 ,First,#,D:\数据处理\2016年100万数据\data\F49\成果数据\maindataframe.gdb\MainDataFrame\BOUA,SHAPE_Length,-1,-1;SHAPE_Area "SHAPE_Area" false true true 8 Double 0 0 ,First,#,D:\数据处理\2016年100万数据\data\F49\成果数据\maindataframe.gdb\MainDataFrame\BOUA,SHAPE_Area,-1,-1" #</Process><Process ToolSource="c:\program files (x86)\arcgis\desktop10.2\ArcToolbox\Toolboxes\Data Management Tools.tbx\Append" Date="20170619" Time="112441">Append D:\数据处理\2016年100万数据\data\F50\成果数据\maindataframe.gdb\MainDataFrame\BOUA D:\BW.gdb\MainDataFrame\BOUA NO_TEST "PAC "PAC" true false false 4 Long 0 0 ,First,#,D:\数据处理\2016年100万数据\data\F50\成果数据\maindataframe.gdb\MainDataFrame\BOUA,PAC,-1,-1;NAME "NAME" true true false 60 Text 0 0 ,First,#,D:\数据处理\2016年100万数据\data\F50\成果数据\maindataframe.gdb\MainDataFrame\BOUA,NAME,-1,-1;SHAPE_Length "SHAPE_Length" false true true 8 Double 0 0 ,First,#,D:\数据处理\2016年100万数据\data\F50\成果数据\maindataframe.gdb\MainDataFrame\BOUA,SHAPE_Length,-1,-1;SHAPE_Area "SHAPE_Area" false true true 8 Double 0 0 ,First,#,D:\数据处理\2016年100万数据\data\F50\成果数据\maindataframe.gdb\MainDataFrame\BOUA,SHAPE_Area,-1,-1" #</Process><Process ToolSource="c:\program files (x86)\arcgis\desktop10.2\ArcToolbox\Toolboxes\Data Management Tools.tbx\Append" Date="20170619" Time="112515">Append D:\数据处理\2016年100万数据\data\F51\成果数据\maindataframe.gdb\MainDataFrame\BOUA D:\BW.gdb\MainDataFrame\BOUA NO_TEST "PAC "PAC" true false false 4 Long 0 0 ,First,#,D:\数据处理\2016年100万数据\data\F51\成果数据\maindataframe.gdb\MainDataFrame\BOUA,PAC,-1,-1;NAME "NAME" true true false 60 Text 0 0 ,First,#,D:\数据处理\2016年100万数据\data\F51\成果数据\maindataframe.gdb\MainDataFrame\BOUA,NAME,-1,-1;SHAPE_Length "SHAPE_Length" false true true 8 Double 0 0 ,First,#,D:\数据处理\2016年100万数据\data\F51\成果数据\maindataframe.gdb\MainDataFrame\BOUA,SHAPE_Length,-1,-1;SHAPE_Area "SHAPE_Area" false true true 8 Double 0 0 ,First,#,D:\数据处理\2016年100万数据\data\F51\成果数据\maindataframe.gdb\MainDataFrame\BOUA,SHAPE_Area,-1,-1" #</Process><Process ToolSource="c:\program files (x86)\arcgis\desktop10.2\ArcToolbox\Toolboxes\Data Management Tools.tbx\Append" Date="20170619" Time="112548">Append D:\数据处理\2016年100万数据\data\G45\成果数据\maindataframe.gdb\MainDataFrame\BOUA D:\BW.gdb\MainDataFrame\BOUA NO_TEST "PAC "PAC" true false false 4 Long 0 0 ,First,#,D:\数据处理\2016年100万数据\data\G45\成果数据\maindataframe.gdb\MainDataFrame\BOUA,PAC,-1,-1;NAME "NAME" true true false 60 Text 0 0 ,First,#,D:\数据处理\2016年100万数据\data\G45\成果数据\maindataframe.gdb\MainDataFrame\BOUA,NAME,-1,-1;SHAPE_Length "SHAPE_Length" false true true 8 Double 0 0 ,First,#,D:\数据处理\2016年100万数据\data\G45\成果数据\maindataframe.gdb\MainDataFrame\BOUA,SHAPE_Length,-1,-1;SHAPE_Area "SHAPE_Area" false true true 8 Double 0 0 ,First,#,D:\数据处理\2016年100万数据\data\G45\成果数据\maindataframe.gdb\MainDataFrame\BOUA,SHAPE_Area,-1,-1" #</Process><Process ToolSource="c:\program files (x86)\arcgis\desktop10.2\ArcToolbox\Toolboxes\Data Management Tools.tbx\Append" Date="20170619" Time="112626">Append D:\数据处理\2016年100万数据\data\G46\成果数据\maindataframe.gdb\MainDataFrame\BOUA D:\BW.gdb\MainDataFrame\BOUA NO_TEST "PAC "PAC" true false false 4 Long 0 0 ,First,#,D:\数据处理\2016年100万数据\data\G46\成果数据\maindataframe.gdb\MainDataFrame\BOUA,PAC,-1,-1;NAME "NAME" true true false 60 Text 0 0 ,First,#,D:\数据处理\2016年100万数据\data\G46\成果数据\maindataframe.gdb\MainDataFrame\BOUA,NAME,-1,-1;SHAPE_Length "SHAPE_Length" false true true 8 Double 0 0 ,First,#,D:\数据处理\2016年100万数据\data\G46\成果数据\maindataframe.gdb\MainDataFrame\BOUA,SHAPE_Length,-1,-1;SHAPE_Area "SHAPE_Area" false true true 8 Double 0 0 ,First,#,D:\数据处理\2016年100万数据\data\G46\成果数据\maindataframe.gdb\MainDataFrame\BOUA,SHAPE_Area,-1,-1" #</Process><Process ToolSource="c:\program files (x86)\arcgis\desktop10.2\ArcToolbox\Toolboxes\Data Management Tools.tbx\Append" Date="20170619" Time="112702">Append D:\数据处理\2016年100万数据\data\G47\成果数据\maindataframe.gdb\MainDataFrame\BOUA D:\BW.gdb\MainDataFrame\BOUA NO_TEST "PAC "PAC" true false false 4 Long 0 0 ,First,#,D:\数据处理\2016年100万数据\data\G47\成果数据\maindataframe.gdb\MainDataFrame\BOUA,PAC,-1,-1;NAME "NAME" true true false 60 Text 0 0 ,First,#,D:\数据处理\2016年100万数据\data\G47\成果数据\maindataframe.gdb\MainDataFrame\BOUA,NAME,-1,-1;SHAPE_Length "SHAPE_Length" false true true 8 Double 0 0 ,First,#,D:\数据处理\2016年100万数据\data\G47\成果数据\maindataframe.gdb\MainDataFrame\BOUA,SHAPE_Length,-1,-1;SHAPE_Area "SHAPE_Area" false true true 8 Double 0 0 ,First,#,D:\数据处理\2016年100万数据\data\G47\成果数据\maindataframe.gdb\MainDataFrame\BOUA,SHAPE_Area,-1,-1" #</Process><Process ToolSource="c:\program files (x86)\arcgis\desktop10.2\ArcToolbox\Toolboxes\Data Management Tools.tbx\Append" Date="20170619" Time="112740">Append D:\数据处理\2016年100万数据\data\G48\制图成果数据\maindataframe.gdb\MainDataFrame\BOUA D:\BW.gdb\MainDataFrame\BOUA NO_TEST "PAC "PAC" true false false 4 Long 0 0 ,First,#,D:\数据处理\2016年100万数据\data\G48\制图成果数据\maindataframe.gdb\MainDataFrame\BOUA,PAC,-1,-1;NAME "NAME" true true false 60 Text 0 0 ,First,#,D:\数据处理\2016年100万数据\data\G48\制图成果数据\maindataframe.gdb\MainDataFrame\BOUA,NAME,-1,-1;SHAPE_Length "SHAPE_Length" false true true 8 Double 0 0 ,First,#,D:\数据处理\2016年100万数据\data\G48\制图成果数据\maindataframe.gdb\MainDataFrame\BOUA,SHAPE_Length,-1,-1;SHAPE_Area "SHAPE_Area" false true true 8 Double 0 0 ,First,#,D:\数据处理\2016年100万数据\data\G48\制图成果数据\maindataframe.gdb\MainDataFrame\BOUA,SHAPE_Area,-1,-1" #</Process><Process ToolSource="c:\program files (x86)\arcgis\desktop10.2\ArcToolbox\Toolboxes\Data Management Tools.tbx\Append" Date="20170619" Time="112829">Append D:\数据处理\2016年100万数据\data\G49\制图成果数据\maindataframe.gdb\MainDataFrame\BOUA D:\BW.gdb\MainDataFrame\BOUA NO_TEST "PAC "PAC" true false false 4 Long 0 0 ,First,#,D:\数据处理\2016年100万数据\data\G49\制图成果数据\maindataframe.gdb\MainDataFrame\BOUA,PAC,-1,-1;NAME "NAME" true true false 60 Text 0 0 ,First,#,D:\数据处理\2016年100万数据\data\G49\制图成果数据\maindataframe.gdb\MainDataFrame\BOUA,NAME,-1,-1;SHAPE_Length "SHAPE_Length" false true true 8 Double 0 0 ,First,#,D:\数据处理\2016年100万数据\data\G49\制图成果数据\maindataframe.gdb\MainDataFrame\BOUA,SHAPE_Length,-1,-1;SHAPE_Area "SHAPE_Area" false true true 8 Double 0 0 ,First,#,D:\数据处理\2016年100万数据\data\G49\制图成果数据\maindataframe.gdb\MainDataFrame\BOUA,SHAPE_Area,-1,-1" #</Process><Process ToolSource="c:\program files (x86)\arcgis\desktop10.2\ArcToolbox\Toolboxes\Data Management Tools.tbx\Append" Date="20170619" Time="112914">Append D:\数据处理\2016年100万数据\data\G50\成果数据\maindataframe.gdb\MainDataFrame\BOUA D:\BW.gdb\MainDataFrame\BOUA NO_TEST "PAC "PAC" true false false 4 Long 0 0 ,First,#,D:\数据处理\2016年100万数据\data\G50\成果数据\maindataframe.gdb\MainDataFrame\BOUA,PAC,-1,-1;NAME "NAME" true true false 60 Text 0 0 ,First,#,D:\数据处理\2016年100万数据\data\G50\成果数据\maindataframe.gdb\MainDataFrame\BOUA,NAME,-1,-1;SHAPE_Length "SHAPE_Length" false true true 8 Double 0 0 ,First,#,D:\数据处理\2016年100万数据\data\G50\成果数据\maindataframe.gdb\MainDataFrame\BOUA,SHAPE_Length,-1,-1;SHAPE_Area "SHAPE_Area" false true true 8 Double 0 0 ,First,#,D:\数据处理\2016年100万数据\data\G50\成果数据\maindataframe.gdb\MainDataFrame\BOUA,SHAPE_Area,-1,-1" #</Process><Process ToolSource="c:\program files (x86)\arcgis\desktop10.2\ArcToolbox\Toolboxes\Data Management Tools.tbx\Append" Date="20170619" Time="112958">Append D:\数据处理\2016年100万数据\data\G51\成果数据\maindataframe.gdb\MainDataFrame\BOUA D:\BW.gdb\MainDataFrame\BOUA NO_TEST "PAC "PAC" true false false 4 Long 0 0 ,First,#,D:\数据处理\2016年100万数据\data\G51\成果数据\maindataframe.gdb\MainDataFrame\BOUA,PAC,-1,-1;NAME "NAME" true true false 60 Text 0 0 ,First,#,D:\数据处理\2016年100万数据\data\G51\成果数据\maindataframe.gdb\MainDataFrame\BOUA,NAME,-1,-1;SHAPE_Length "SHAPE_Length" false true true 8 Double 0 0 ,First,#,D:\数据处理\2016年100万数据\data\G51\成果数据\maindataframe.gdb\MainDataFrame\BOUA,SHAPE_Length,-1,-1;SHAPE_Area "SHAPE_Area" false true true 8 Double 0 0 ,First,#,D:\数据处理\2016年100万数据\data\G51\成果数据\maindataframe.gdb\MainDataFrame\BOUA,SHAPE_Area,-1,-1" #</Process><Process ToolSource="c:\program files (x86)\arcgis\desktop10.2\ArcToolbox\Toolboxes\Data Management Tools.tbx\Append" Date="20170619" Time="113030">Append D:\数据处理\2016年100万数据\data\G52\成果数据\maindataframe.gdb\MainDataFrame\BOUA D:\BW.gdb\MainDataFrame\BOUA NO_TEST "PAC "PAC" true false false 4 Long 0 0 ,First,#,D:\数据处理\2016年100万数据\data\G52\成果数据\maindataframe.gdb\MainDataFrame\BOUA,PAC,-1,-1;NAME "NAME" true true false 60 Text 0 0 ,First,#,D:\数据处理\2016年100万数据\data\G52\成果数据\maindataframe.gdb\MainDataFrame\BOUA,NAME,-1,-1;SHAPE_Length "SHAPE_Length" false true true 8 Double 0 0 ,First,#,D:\数据处理\2016年100万数据\data\G52\成果数据\maindataframe.gdb\MainDataFrame\BOUA,SHAPE_Length,-1,-1;SHAPE_Area "SHAPE_Area" false true true 8 Double 0 0 ,First,#,D:\数据处理\2016年100万数据\data\G52\成果数据\maindataframe.gdb\MainDataFrame\BOUA,SHAPE_Area,-1,-1" #</Process><Process ToolSource="c:\program files (x86)\arcgis\desktop10.2\ArcToolbox\Toolboxes\Data Management Tools.tbx\Append" Date="20170619" Time="113104">Append D:\数据处理\2016年100万数据\data\H44\成果数据\maindataframe.gdb\MainDataFrame\BOUA D:\BW.gdb\MainDataFrame\BOUA NO_TEST "PAC "PAC" true false false 4 Long 0 0 ,First,#,D:\数据处理\2016年100万数据\data\H44\成果数据\maindataframe.gdb\MainDataFrame\BOUA,PAC,-1,-1;NAME "NAME" true true false 60 Text 0 0 ,First,#,D:\数据处理\2016年100万数据\data\H44\成果数据\maindataframe.gdb\MainDataFrame\BOUA,NAME,-1,-1;SHAPE_Length "SHAPE_Length" false true true 8 Double 0 0 ,First,#,D:\数据处理\2016年100万数据\data\H44\成果数据\maindataframe.gdb\MainDataFrame\BOUA,SHAPE_Length,-1,-1;SHAPE_Area "SHAPE_Area" false true true 8 Double 0 0 ,First,#,D:\数据处理\2016年100万数据\data\H44\成果数据\maindataframe.gdb\MainDataFrame\BOUA,SHAPE_Area,-1,-1" #</Process><Process ToolSource="c:\program files (x86)\arcgis\desktop10.2\ArcToolbox\Toolboxes\Data Management Tools.tbx\Append" Date="20170619" Time="113142">Append D:\数据处理\2016年100万数据\data\H45\成果数据\maindataframe.gdb\MainDataFrame\BOUA D:\BW.gdb\MainDataFrame\BOUA NO_TEST "PAC "PAC" true false false 4 Long 0 0 ,First,#,D:\数据处理\2016年100万数据\data\H45\成果数据\maindataframe.gdb\MainDataFrame\BOUA,PAC,-1,-1;NAME "NAME" true true false 60 Text 0 0 ,First,#,D:\数据处理\2016年100万数据\data\H45\成果数据\maindataframe.gdb\MainDataFrame\BOUA,NAME,-1,-1;SHAPE_Length "SHAPE_Length" false true true 8 Double 0 0 ,First,#,D:\数据处理\2016年100万数据\data\H45\成果数据\maindataframe.gdb\MainDataFrame\BOUA,SHAPE_Length,-1,-1;SHAPE_Area "SHAPE_Area" false true true 8 Double 0 0 ,First,#,D:\数据处理\2016年100万数据\data\H45\成果数据\maindataframe.gdb\MainDataFrame\BOUA,SHAPE_Area,-1,-1" #</Process><Process ToolSource="c:\program files (x86)\arcgis\desktop10.2\ArcToolbox\Toolboxes\Data Management Tools.tbx\Append" Date="20170619" Time="113221">Append D:\数据处理\2016年100万数据\data\H46\成果数据\maindataframe.gdb\MainDataFrame\BOUA D:\BW.gdb\MainDataFrame\BOUA NO_TEST "PAC "PAC" true false false 4 Long 0 0 ,First,#,D:\数据处理\2016年100万数据\data\H46\成果数据\maindataframe.gdb\MainDataFrame\BOUA,PAC,-1,-1;NAME "NAME" true true false 60 Text 0 0 ,First,#,D:\数据处理\2016年100万数据\data\H46\成果数据\maindataframe.gdb\MainDataFrame\BOUA,NAME,-1,-1;SHAPE_Length "SHAPE_Length" false true true 8 Double 0 0 ,First,#,D:\数据处理\2016年100万数据\data\H46\成果数据\maindataframe.gdb\MainDataFrame\BOUA,SHAPE_Length,-1,-1;SHAPE_Area "SHAPE_Area" false true true 8 Double 0 0 ,First,#,D:\数据处理\2016年100万数据\data\H46\成果数据\maindataframe.gdb\MainDataFrame\BOUA,SHAPE_Area,-1,-1" #</Process><Process ToolSource="c:\program files (x86)\arcgis\desktop10.2\ArcToolbox\Toolboxes\Data Management Tools.tbx\Append" Date="20170619" Time="113301">Append D:\数据处理\2016年100万数据\data\H47\成果数据\maindataframe.gdb\MainDataFrame\BOUA D:\BW.gdb\MainDataFrame\BOUA NO_TEST "PAC "PAC" true false false 4 Long 0 0 ,First,#,D:\数据处理\2016年100万数据\data\H47\成果数据\maindataframe.gdb\MainDataFrame\BOUA,PAC,-1,-1;NAME "NAME" true true false 60 Text 0 0 ,First,#,D:\数据处理\2016年100万数据\data\H47\成果数据\maindataframe.gdb\MainDataFrame\BOUA,NAME,-1,-1;SHAPE_Length "SHAPE_Length" false true true 8 Double 0 0 ,First,#,D:\数据处理\2016年100万数据\data\H47\成果数据\maindataframe.gdb\MainDataFrame\BOUA,SHAPE_Length,-1,-1;SHAPE_Area "SHAPE_Area" false true true 8 Double 0 0 ,First,#,D:\数据处理\2016年100万数据\data\H47\成果数据\maindataframe.gdb\MainDataFrame\BOUA,SHAPE_Area,-1,-1" #</Process><Process ToolSource="c:\program files (x86)\arcgis\desktop10.2\ArcToolbox\Toolboxes\Data Management Tools.tbx\Append" Date="20170619" Time="113341">Append D:\数据处理\2016年100万数据\data\H48\成果数据\maindataframe.gdb\MainDataFrame\BOUA D:\BW.gdb\MainDataFrame\BOUA NO_TEST "PAC "PAC" true false false 4 Long 0 0 ,First,#,D:\数据处理\2016年100万数据\data\H48\成果数据\maindataframe.gdb\MainDataFrame\BOUA,PAC,-1,-1;NAME "NAME" true true false 60 Text 0 0 ,First,#,D:\数据处理\2016年100万数据\data\H48\成果数据\maindataframe.gdb\MainDataFrame\BOUA,NAME,-1,-1;SHAPE_Length "SHAPE_Length" false true true 8 Double 0 0 ,First,#,D:\数据处理\2016年100万数据\data\H48\成果数据\maindataframe.gdb\MainDataFrame\BOUA,SHAPE_Length,-1,-1;SHAPE_Area "SHAPE_Area" false true true 8 Double 0 0 ,First,#,D:\数据处理\2016年100万数据\data\H48\成果数据\maindataframe.gdb\MainDataFrame\BOUA,SHAPE_Area,-1,-1" #</Process><Process ToolSource="c:\program files (x86)\arcgis\desktop10.2\ArcToolbox\Toolboxes\Data Management Tools.tbx\Append" Date="20170619" Time="113421">Append D:\数据处理\2016年100万数据\data\H49\制图成果数据\maindataframe.gdb\MainDataFrame\BOUA D:\BW.gdb\MainDataFrame\BOUA NO_TEST "PAC "PAC" true false false 4 Long 0 0 ,First,#,D:\数据处理\2016年100万数据\data\H49\制图成果数据\maindataframe.gdb\MainDataFrame\BOUA,PAC,-1,-1;NAME "NAME" true true false 60 Text 0 0 ,First,#,D:\数据处理\2016年100万数据\data\H49\制图成果数据\maindataframe.gdb\MainDataFrame\BOUA,NAME,-1,-1;SHAPE_Length "SHAPE_Length" false true true 8 Double 0 0 ,First,#,D:\数据处理\2016年100万数据\data\H49\制图成果数据\maindataframe.gdb\MainDataFrame\BOUA,SHAPE_Length,-1,-1;SHAPE_Area "SHAPE_Area" false true true 8 Double 0 0 ,First,#,D:\数据处理\2016年100万数据\data\H49\制图成果数据\maindataframe.gdb\MainDataFrame\BOUA,SHAPE_Area,-1,-1" #</Process><Process ToolSource="c:\program files (x86)\arcgis\desktop10.2\ArcToolbox\Toolboxes\Data Management Tools.tbx\Append" Date="20170619" Time="113506">Append D:\数据处理\2016年100万数据\data\H50\制图成果数据\maindataframe.gdb\MainDataFrame\BOUA D:\BW.gdb\MainDataFrame\BOUA NO_TEST "PAC "PAC" true false false 4 Long 0 0 ,First,#,D:\数据处理\2016年100万数据\data\H50\制图成果数据\maindataframe.gdb\MainDataFrame\BOUA,PAC,-1,-1;NAME "NAME" true true false 60 Text 0 0 ,First,#,D:\数据处理\2016年100万数据\data\H50\制图成果数据\maindataframe.gdb\MainDataFrame\BOUA,NAME,-1,-1;SHAPE_Length "SHAPE_Length" false true true 8 Double 0 0 ,First,#,D:\数据处理\2016年100万数据\data\H50\制图成果数据\maindataframe.gdb\MainDataFrame\BOUA,SHAPE_Length,-1,-1;SHAPE_Area "SHAPE_Area" false true true 8 Double 0 0 ,First,#,D:\数据处理\2016年100万数据\data\H50\制图成果数据\maindataframe.gdb\MainDataFrame\BOUA,SHAPE_Area,-1,-1" #</Process><Process ToolSource="c:\program files (x86)\arcgis\desktop10.2\ArcToolbox\Toolboxes\Data Management Tools.tbx\Append" Date="20170619" Time="113555">Append D:\数据处理\2016年100万数据\data\H51\制图成果数据\maindataframe.gdb\MainDataFrame\BOUA D:\BW.gdb\MainDataFrame\BOUA NO_TEST "PAC "PAC" true false false 4 Long 0 0 ,First,#,D:\数据处理\2016年100万数据\data\H51\制图成果数据\maindataframe.gdb\MainDataFrame\BOUA,PAC,-1,-1;NAME "NAME" true true false 60 Text 0 0 ,First,#,D:\数据处理\2016年100万数据\data\H51\制图成果数据\maindataframe.gdb\MainDataFrame\BOUA,NAME,-1,-1;SHAPE_Length "SHAPE_Length" false true true 8 Double 0 0 ,First,#,D:\数据处理\2016年100万数据\data\H51\制图成果数据\maindataframe.gdb\MainDataFrame\BOUA,SHAPE_Length,-1,-1;SHAPE_Area "SHAPE_Area" false true true 8 Double 0 0 ,First,#,D:\数据处理\2016年100万数据\data\H51\制图成果数据\maindataframe.gdb\MainDataFrame\BOUA,SHAPE_Area,-1,-1" #</Process><Process ToolSource="c:\program files (x86)\arcgis\desktop10.2\ArcToolbox\Toolboxes\Data Management Tools.tbx\Append" Date="20170619" Time="113634">Append D:\数据处理\2016年100万数据\data\H52\制图成果数据\maindataframe.gdb\MainDataFrame\BOUA D:\BW.gdb\MainDataFrame\BOUA NO_TEST "PAC "PAC" true false false 4 Long 0 0 ,First,#,D:\数据处理\2016年100万数据\data\H52\制图成果数据\maindataframe.gdb\MainDataFrame\BOUA,PAC,-1,-1;NAME "NAME" true true false 60 Text 0 0 ,First,#,D:\数据处理\2016年100万数据\data\H52\制图成果数据\maindataframe.gdb\MainDataFrame\BOUA,NAME,-1,-1;SHAPE_Length "SHAPE_Length" false true true 8 Double 0 0 ,First,#,D:\数据处理\2016年100万数据\data\H52\制图成果数据\maindataframe.gdb\MainDataFrame\BOUA,SHAPE_Length,-1,-1;SHAPE_Area "SHAPE_Area" false true true 8 Double 0 0 ,First,#,D:\数据处理\2016年100万数据\data\H52\制图成果数据\maindataframe.gdb\MainDataFrame\BOUA,SHAPE_Area,-1,-1" #</Process><Process ToolSource="c:\program files (x86)\arcgis\desktop10.2\ArcToolbox\Toolboxes\Data Management Tools.tbx\Append" Date="20170619" Time="113708">Append D:\数据处理\2016年100万数据\data\I43\制图成果数据\maindataframe.gdb\MainDataFrame\BOUA D:\BW.gdb\MainDataFrame\BOUA NO_TEST "PAC "PAC" true false false 4 Long 0 0 ,First,#,D:\数据处理\2016年100万数据\data\I43\制图成果数据\maindataframe.gdb\MainDataFrame\BOUA,PAC,-1,-1;NAME "NAME" true true false 60 Text 0 0 ,First,#,D:\数据处理\2016年100万数据\data\I43\制图成果数据\maindataframe.gdb\MainDataFrame\BOUA,NAME,-1,-1;SHAPE_Length "SHAPE_Length" false true true 8 Double 0 0 ,First,#,D:\数据处理\2016年100万数据\data\I43\制图成果数据\maindataframe.gdb\MainDataFrame\BOUA,SHAPE_Length,-1,-1;SHAPE_Area "SHAPE_Area" false true true 8 Double 0 0 ,First,#,D:\数据处理\2016年100万数据\data\I43\制图成果数据\maindataframe.gdb\MainDataFrame\BOUA,SHAPE_Area,-1,-1" #</Process><Process ToolSource="c:\program files (x86)\arcgis\desktop10.2\ArcToolbox\Toolboxes\Data Management Tools.tbx\Append" Date="20170619" Time="113743">Append D:\数据处理\2016年100万数据\data\I44\成果数据\maindataframe.gdb\MainDataFrame\BOUA D:\BW.gdb\MainDataFrame\BOUA NO_TEST "PAC "PAC" true false false 4 Long 0 0 ,First,#,D:\数据处理\2016年100万数据\data\I44\成果数据\maindataframe.gdb\MainDataFrame\BOUA,PAC,-1,-1;NAME "NAME" true true false 60 Text 0 0 ,First,#,D:\数据处理\2016年100万数据\data\I44\成果数据\maindataframe.gdb\MainDataFrame\BOUA,NAME,-1,-1;SHAPE_Length "SHAPE_Length" false true true 8 Double 0 0 ,First,#,D:\数据处理\2016年100万数据\data\I44\成果数据\maindataframe.gdb\MainDataFrame\BOUA,SHAPE_Length,-1,-1;SHAPE_Area "SHAPE_Area" false true true 8 Double 0 0 ,First,#,D:\数据处理\2016年100万数据\data\I44\成果数据\maindataframe.gdb\MainDataFrame\BOUA,SHAPE_Area,-1,-1" #</Process><Process ToolSource="c:\program files (x86)\arcgis\desktop10.2\ArcToolbox\Toolboxes\Data Management Tools.tbx\Append" Date="20170619" Time="113822">Append D:\数据处理\2016年100万数据\data\I45\成果数据\maindataframe.gdb\MainDataFrame\BOUA D:\BW.gdb\MainDataFrame\BOUA NO_TEST "PAC "PAC" true false false 4 Long 0 0 ,First,#,D:\数据处理\2016年100万数据\data\I45\成果数据\maindataframe.gdb\MainDataFrame\BOUA,PAC,-1,-1;NAME "NAME" true true false 60 Text 0 0 ,First,#,D:\数据处理\2016年100万数据\data\I45\成果数据\maindataframe.gdb\MainDataFrame\BOUA,NAME,-1,-1;SHAPE_Length "SHAPE_Length" false true true 8 Double 0 0 ,First,#,D:\数据处理\2016年100万数据\data\I45\成果数据\maindataframe.gdb\MainDataFrame\BOUA,SHAPE_Length,-1,-1;SHAPE_Area "SHAPE_Area" false true true 8 Double 0 0 ,First,#,D:\数据处理\2016年100万数据\data\I45\成果数据\maindataframe.gdb\MainDataFrame\BOUA,SHAPE_Area,-1,-1" #</Process><Process ToolSource="c:\program files (x86)\arcgis\desktop10.2\ArcToolbox\Toolboxes\Data Management Tools.tbx\Append" Date="20170619" Time="113901">Append D:\数据处理\2016年100万数据\data\I46\制图成果数据\maindataframe.gdb\MainDataFrame\BOUA D:\BW.gdb\MainDataFrame\BOUA NO_TEST "PAC "PAC" true false false 4 Long 0 0 ,First,#,D:\数据处理\2016年100万数据\data\I46\制图成果数据\maindataframe.gdb\MainDataFrame\BOUA,PAC,-1,-1;NAME "NAME" true true false 60 Text 0 0 ,First,#,D:\数据处理\2016年100万数据\data\I46\制图成果数据\maindataframe.gdb\MainDataFrame\BOUA,NAME,-1,-1;SHAPE_Length "SHAPE_Length" false true true 8 Double 0 0 ,First,#,D:\数据处理\2016年100万数据\data\I46\制图成果数据\maindataframe.gdb\MainDataFrame\BOUA,SHAPE_Length,-1,-1;SHAPE_Area "SHAPE_Area" false true true 8 Double 0 0 ,First,#,D:\数据处理\2016年100万数据\data\I46\制图成果数据\maindataframe.gdb\MainDataFrame\BOUA,SHAPE_Area,-1,-1" #</Process><Process ToolSource="c:\program files (x86)\arcgis\desktop10.2\ArcToolbox\Toolboxes\Data Management Tools.tbx\Append" Date="20170619" Time="113938">Append D:\数据处理\2016年100万数据\data\I47\制图成果数据\maindataframe.gdb\MainDataFrame\BOUA D:\BW.gdb\MainDataFrame\BOUA NO_TEST "PAC "PAC" true false false 4 Long 0 0 ,First,#,D:\数据处理\2016年100万数据\data\I47\制图成果数据\maindataframe.gdb\MainDataFrame\BOUA,PAC,-1,-1;NAME "NAME" true true false 60 Text 0 0 ,First,#,D:\数据处理\2016年100万数据\data\I47\制图成果数据\maindataframe.gdb\MainDataFrame\BOUA,NAME,-1,-1;SHAPE_Length "SHAPE_Length" false true true 8 Double 0 0 ,First,#,D:\数据处理\2016年100万数据\data\I47\制图成果数据\maindataframe.gdb\MainDataFrame\BOUA,SHAPE_Length,-1,-1;SHAPE_Area "SHAPE_Area" false true true 8 Double 0 0 ,First,#,D:\数据处理\2016年100万数据\data\I47\制图成果数据\maindataframe.gdb\MainDataFrame\BOUA,SHAPE_Area,-1,-1" #</Process><Process ToolSource="c:\program files (x86)\arcgis\desktop10.2\ArcToolbox\Toolboxes\Data Management Tools.tbx\Append" Date="20170619" Time="114015">Append D:\数据处理\2016年100万数据\data\I48\制图成果数据\maindataframe.gdb\MainDataFrame\BOUA D:\BW.gdb\MainDataFrame\BOUA NO_TEST "PAC "PAC" true false false 4 Long 0 0 ,First,#,D:\数据处理\2016年100万数据\data\I48\制图成果数据\maindataframe.gdb\MainDataFrame\BOUA,PAC,-1,-1;NAME "NAME" true true false 60 Text 0 0 ,First,#,D:\数据处理\2016年100万数据\data\I48\制图成果数据\maindataframe.gdb\MainDataFrame\BOUA,NAME,-1,-1;SHAPE_Length "SHAPE_Length" false true true 8 Double 0 0 ,First,#,D:\数据处理\2016年100万数据\data\I48\制图成果数据\maindataframe.gdb\MainDataFrame\BOUA,SHAPE_Length,-1,-1;SHAPE_Area "SHAPE_Area" false true true 8 Double 0 0 ,First,#,D:\数据处理\2016年100万数据\data\I48\制图成果数据\maindataframe.gdb\MainDataFrame\BOUA,SHAPE_Area,-1,-1" #</Process><Process ToolSource="c:\program files (x86)\arcgis\desktop10.2\ArcToolbox\Toolboxes\Data Management Tools.tbx\Append" Date="20170619" Time="114101">Append D:\数据处理\2016年100万数据\data\I49\制图成果数据\maindataframe.gdb\MainDataFrame\BOUA D:\BW.gdb\MainDataFrame\BOUA NO_TEST "PAC "PAC" true false false 4 Long 0 0 ,First,#,D:\数据处理\2016年100万数据\data\I49\制图成果数据\maindataframe.gdb\MainDataFrame\BOUA,PAC,-1,-1;NAME "NAME" true true false 60 Text 0 0 ,First,#,D:\数据处理\2016年100万数据\data\I49\制图成果数据\maindataframe.gdb\MainDataFrame\BOUA,NAME,-1,-1;SHAPE_Length "SHAPE_Length" false true true 8 Double 0 0 ,First,#,D:\数据处理\2016年100万数据\data\I49\制图成果数据\maindataframe.gdb\MainDataFrame\BOUA,SHAPE_Length,-1,-1;SHAPE_Area "SHAPE_Area" false true true 8 Double 0 0 ,First,#,D:\数据处理\2016年100万数据\data\I49\制图成果数据\maindataframe.gdb\MainDataFrame\BOUA,SHAPE_Area,-1,-1" #</Process><Process ToolSource="c:\program files (x86)\arcgis\desktop10.2\ArcToolbox\Toolboxes\Data Management Tools.tbx\Append" Date="20170619" Time="114144">Append D:\数据处理\2016年100万数据\data\I50\制图成果数据\maindataframe.gdb\MainDataFrame\BOUA D:\BW.gdb\MainDataFrame\BOUA NO_TEST "PAC "PAC" true false false 4 Long 0 0 ,First,#,D:\数据处理\2016年100万数据\data\I50\制图成果数据\maindataframe.gdb\MainDataFrame\BOUA,PAC,-1,-1;NAME "NAME" true true false 60 Text 0 0 ,First,#,D:\数据处理\2016年100万数据\data\I50\制图成果数据\maindataframe.gdb\MainDataFrame\BOUA,NAME,-1,-1;SHAPE_Length "SHAPE_Length" false true true 8 Double 0 0 ,First,#,D:\数据处理\2016年100万数据\data\I50\制图成果数据\maindataframe.gdb\MainDataFrame\BOUA,SHAPE_Length,-1,-1;SHAPE_Area "SHAPE_Area" false true true 8 Double 0 0 ,First,#,D:\数据处理\2016年100万数据\data\I50\制图成果数据\maindataframe.gdb\MainDataFrame\BOUA,SHAPE_Area,-1,-1" #</Process><Process ToolSource="c:\program files (x86)\arcgis\desktop10.2\ArcToolbox\Toolboxes\Data Management Tools.tbx\Append" Date="20170619" Time="114225">Append D:\数据处理\2016年100万数据\data\I51\制图成果数据\maindataframe.gdb\MainDataFrame\BOUA D:\BW.gdb\MainDataFrame\BOUA NO_TEST "PAC "PAC" true false false 4 Long 0 0 ,First,#,D:\数据处理\2016年100万数据\data\I51\制图成果数据\maindataframe.gdb\MainDataFrame\BOUA,PAC,-1,-1;NAME "NAME" true true false 60 Text 0 0 ,First,#,D:\数据处理\2016年100万数据\data\I51\制图成果数据\maindataframe.gdb\MainDataFrame\BOUA,NAME,-1,-1;SHAPE_Length "SHAPE_Length" false true true 8 Double 0 0 ,First,#,D:\数据处理\2016年100万数据\data\I51\制图成果数据\maindataframe.gdb\MainDataFrame\BOUA,SHAPE_Length,-1,-1;SHAPE_Area "SHAPE_Area" false true true 8 Double 0 0 ,First,#,D:\数据处理\2016年100万数据\data\I51\制图成果数据\maindataframe.gdb\MainDataFrame\BOUA,SHAPE_Area,-1,-1" #</Process><Process ToolSource="c:\program files (x86)\arcgis\desktop10.2\ArcToolbox\Toolboxes\Data Management Tools.tbx\Append" Date="20170619" Time="114300">Append D:\数据处理\2016年100万数据\data\I52\制图成果数据\maindataframe.gdb\MainDataFrame\BOUA D:\BW.gdb\MainDataFrame\BOUA NO_TEST "PAC "PAC" true false false 4 Long 0 0 ,First,#,D:\数据处理\2016年100万数据\data\I52\制图成果数据\maindataframe.gdb\MainDataFrame\BOUA,PAC,-1,-1;NAME "NAME" true true false 60 Text 0 0 ,First,#,D:\数据处理\2016年100万数据\data\I52\制图成果数据\maindataframe.gdb\MainDataFrame\BOUA,NAME,-1,-1;SHAPE_Length "SHAPE_Length" false true true 8 Double 0 0 ,First,#,D:\数据处理\2016年100万数据\data\I52\制图成果数据\maindataframe.gdb\MainDataFrame\BOUA,SHAPE_Length,-1,-1;SHAPE_Area "SHAPE_Area" false true true 8 Double 0 0 ,First,#,D:\数据处理\2016年100万数据\data\I52\制图成果数据\maindataframe.gdb\MainDataFrame\BOUA,SHAPE_Area,-1,-1" #</Process><Process ToolSource="c:\program files (x86)\arcgis\desktop10.2\ArcToolbox\Toolboxes\Data Management Tools.tbx\Append" Date="20170619" Time="114334">Append D:\数据处理\2016年100万数据\data\J43\制图成果数据\maindataframe.gdb\MainDataFrame\BOUA D:\BW.gdb\MainDataFrame\BOUA NO_TEST "PAC "PAC" true false false 4 Long 0 0 ,First,#,D:\数据处理\2016年100万数据\data\J43\制图成果数据\maindataframe.gdb\MainDataFrame\BOUA,PAC,-1,-1;NAME "NAME" true true false 60 Text 0 0 ,First,#,D:\数据处理\2016年100万数据\data\J43\制图成果数据\maindataframe.gdb\MainDataFrame\BOUA,NAME,-1,-1;SHAPE_Length "SHAPE_Length" false true true 8 Double 0 0 ,First,#,D:\数据处理\2016年100万数据\data\J43\制图成果数据\maindataframe.gdb\MainDataFrame\BOUA,SHAPE_Length,-1,-1;SHAPE_Area "SHAPE_Area" false true true 8 Double 0 0 ,First,#,D:\数据处理\2016年100万数据\data\J43\制图成果数据\maindataframe.gdb\MainDataFrame\BOUA,SHAPE_Area,-1,-1" #</Process><Process ToolSource="c:\program files (x86)\arcgis\desktop10.2\ArcToolbox\Toolboxes\Data Management Tools.tbx\Append" Date="20170619" Time="114411">Append D:\数据处理\2016年100万数据\data\J44\制图成果数据\maindataframe.gdb\MainDataFrame\BOUA D:\BW.gdb\MainDataFrame\BOUA NO_TEST "PAC "PAC" true false false 4 Long 0 0 ,First,#,D:\数据处理\2016年100万数据\data\J44\制图成果数据\maindataframe.gdb\MainDataFrame\BOUA,PAC,-1,-1;NAME "NAME" true true false 60 Text 0 0 ,First,#,D:\数据处理\2016年100万数据\data\J44\制图成果数据\maindataframe.gdb\MainDataFrame\BOUA,NAME,-1,-1;SHAPE_Length "SHAPE_Length" false true true 8 Double 0 0 ,First,#,D:\数据处理\2016年100万数据\data\J44\制图成果数据\maindataframe.gdb\MainDataFrame\BOUA,SHAPE_Length,-1,-1;SHAPE_Area "SHAPE_Area" false true true 8 Double 0 0 ,First,#,D:\数据处理\2016年100万数据\data\J44\制图成果数据\maindataframe.gdb\MainDataFrame\BOUA,SHAPE_Area,-1,-1" #</Process><Process ToolSource="c:\program files (x86)\arcgis\desktop10.2\ArcToolbox\Toolboxes\Data Management Tools.tbx\Append" Date="20170619" Time="114447">Append D:\数据处理\2016年100万数据\data\J45\制图成果数据\maindataframe.gdb\MainDataFrame\BOUA D:\BW.gdb\MainDataFrame\BOUA NO_TEST "PAC "PAC" true false false 4 Long 0 0 ,First,#,D:\数据处理\2016年100万数据\data\J45\制图成果数据\maindataframe.gdb\MainDataFrame\BOUA,PAC,-1,-1;NAME "NAME" true true false 60 Text 0 0 ,First,#,D:\数据处理\2016年100万数据\data\J45\制图成果数据\maindataframe.gdb\MainDataFrame\BOUA,NAME,-1,-1;SHAPE_Length "SHAPE_Length" false true true 8 Double 0 0 ,First,#,D:\数据处理\2016年100万数据\data\J45\制图成果数据\maindataframe.gdb\MainDataFrame\BOUA,SHAPE_Length,-1,-1;SHAPE_Area "SHAPE_Area" false true true 8 Double 0 0 ,First,#,D:\数据处理\2016年100万数据\data\J45\制图成果数据\maindataframe.gdb\MainDataFrame\BOUA,SHAPE_Area,-1,-1" #</Process><Process ToolSource="c:\program files (x86)\arcgis\desktop10.2\ArcToolbox\Toolboxes\Data Management Tools.tbx\Append" Date="20170619" Time="114522">Append D:\数据处理\2016年100万数据\data\J46\制图成果数据\maindataframe.gdb\MainDataFrame\BOUA D:\BW.gdb\MainDataFrame\BOUA NO_TEST "PAC "PAC" true false false 4 Long 0 0 ,First,#,D:\数据处理\2016年100万数据\data\J46\制图成果数据\maindataframe.gdb\MainDataFrame\BOUA,PAC,-1,-1;NAME "NAME" true true false 60 Text 0 0 ,First,#,D:\数据处理\2016年100万数据\data\J46\制图成果数据\maindataframe.gdb\MainDataFrame\BOUA,NAME,-1,-1;SHAPE_Length "SHAPE_Length" false true true 8 Double 0 0 ,First,#,D:\数据处理\2016年100万数据\data\J46\制图成果数据\maindataframe.gdb\MainDataFrame\BOUA,SHAPE_Length,-1,-1;SHAPE_Area "SHAPE_Area" false true true 8 Double 0 0 ,First,#,D:\数据处理\2016年100万数据\data\J46\制图成果数据\maindataframe.gdb\MainDataFrame\BOUA,SHAPE_Area,-1,-1" #</Process><Process ToolSource="c:\program files (x86)\arcgis\desktop10.2\ArcToolbox\Toolboxes\Data Management Tools.tbx\Append" Date="20170619" Time="114559">Append D:\数据处理\2016年100万数据\data\J47\制图成果数据\maindataframe.gdb\MainDataFrame\BOUA D:\BW.gdb\MainDataFrame\BOUA NO_TEST "PAC "PAC" true false false 4 Long 0 0 ,First,#,D:\数据处理\2016年100万数据\data\J47\制图成果数据\maindataframe.gdb\MainDataFrame\BOUA,PAC,-1,-1;NAME "NAME" true true false 60 Text 0 0 ,First,#,D:\数据处理\2016年100万数据\data\J47\制图成果数据\maindataframe.gdb\MainDataFrame\BOUA,NAME,-1,-1;SHAPE_Length "SHAPE_Length" false true true 8 Double 0 0 ,First,#,D:\数据处理\2016年100万数据\data\J47\制图成果数据\maindataframe.gdb\MainDataFrame\BOUA,SHAPE_Length,-1,-1;SHAPE_Area "SHAPE_Area" false true true 8 Double 0 0 ,First,#,D:\数据处理\2016年100万数据\data\J47\制图成果数据\maindataframe.gdb\MainDataFrame\BOUA,SHAPE_Area,-1,-1" #</Process><Process ToolSource="c:\program files (x86)\arcgis\desktop10.2\ArcToolbox\Toolboxes\Data Management Tools.tbx\Append" Date="20170619" Time="114640">Append D:\数据处理\2016年100万数据\data\J48\制图成果数据\maindataframe.gdb\MainDataFrame\BOUA D:\BW.gdb\MainDataFrame\BOUA NO_TEST "PAC "PAC" true false false 4 Long 0 0 ,First,#,D:\数据处理\2016年100万数据\data\J48\制图成果数据\maindataframe.gdb\MainDataFrame\BOUA,PAC,-1,-1;NAME "NAME" true true false 60 Text 0 0 ,First,#,D:\数据处理\2016年100万数据\data\J48\制图成果数据\maindataframe.gdb\MainDataFrame\BOUA,NAME,-1,-1;SHAPE_Length "SHAPE_Length" false true true 8 Double 0 0 ,First,#,D:\数据处理\2016年100万数据\data\J48\制图成果数据\maindataframe.gdb\MainDataFrame\BOUA,SHAPE_Length,-1,-1;SHAPE_Area "SHAPE_Area" false true true 8 Double 0 0 ,First,#,D:\数据处理\2016年100万数据\data\J48\制图成果数据\maindataframe.gdb\MainDataFrame\BOUA,SHAPE_Area,-1,-1" #</Process><Process ToolSource="c:\program files (x86)\arcgis\desktop10.2\ArcToolbox\Toolboxes\Data Management Tools.tbx\Append" Date="20170619" Time="114721">Append D:\数据处理\2016年100万数据\data\J49\制图成果数据\maindataframe.gdb\MainDataFrame\BOUA D:\BW.gdb\MainDataFrame\BOUA NO_TEST "PAC "PAC" true false false 4 Long 0 0 ,First,#,D:\数据处理\2016年100万数据\data\J49\制图成果数据\maindataframe.gdb\MainDataFrame\BOUA,PAC,-1,-1;NAME "NAME" true true false 60 Text 0 0 ,First,#,D:\数据处理\2016年100万数据\data\J49\制图成果数据\maindataframe.gdb\MainDataFrame\BOUA,NAME,-1,-1;SHAPE_Length "SHAPE_Length" false true true 8 Double 0 0 ,First,#,D:\数据处理\2016年100万数据\data\J49\制图成果数据\maindataframe.gdb\MainDataFrame\BOUA,SHAPE_Length,-1,-1;SHAPE_Area "SHAPE_Area" false true true 8 Double 0 0 ,First,#,D:\数据处理\2016年100万数据\data\J49\制图成果数据\maindataframe.gdb\MainDataFrame\BOUA,SHAPE_Area,-1,-1" #</Process><Process ToolSource="c:\program files (x86)\arcgis\desktop10.2\ArcToolbox\Toolboxes\Data Management Tools.tbx\Append" Date="20170619" Time="114802">Append D:\数据处理\2016年100万数据\data\J50\制图成果数据\maindataframe.gdb\MainDataFrame\BOUA D:\BW.gdb\MainDataFrame\BOUA NO_TEST "PAC "PAC" true false false 4 Long 0 0 ,First,#,D:\数据处理\2016年100万数据\data\J50\制图成果数据\maindataframe.gdb\MainDataFrame\BOUA,PAC,-1,-1;NAME "NAME" true true false 60 Text 0 0 ,First,#,D:\数据处理\2016年100万数据\data\J50\制图成果数据\maindataframe.gdb\MainDataFrame\BOUA,NAME,-1,-1;SHAPE_Length "SHAPE_Length" false true true 8 Double 0 0 ,First,#,D:\数据处理\2016年100万数据\data\J50\制图成果数据\maindataframe.gdb\MainDataFrame\BOUA,SHAPE_Length,-1,-1;SHAPE_Area "SHAPE_Area" false true true 8 Double 0 0 ,First,#,D:\数据处理\2016年100万数据\data\J50\制图成果数据\maindataframe.gdb\MainDataFrame\BOUA,SHAPE_Area,-1,-1" #</Process><Process ToolSource="c:\program files (x86)\arcgis\desktop10.2\ArcToolbox\Toolboxes\Data Management Tools.tbx\Append" Date="20170619" Time="114843">Append D:\数据处理\2016年100万数据\data\J51\制图成果数据\maindataframe.gdb\MainDataFrame\BOUA D:\BW.gdb\MainDataFrame\BOUA NO_TEST "PAC "PAC" true false false 4 Long 0 0 ,First,#,D:\数据处理\2016年100万数据\data\J51\制图成果数据\maindataframe.gdb\MainDataFrame\BOUA,PAC,-1,-1;NAME "NAME" true true false 60 Text 0 0 ,First,#,D:\数据处理\2016年100万数据\data\J51\制图成果数据\maindataframe.gdb\MainDataFrame\BOUA,NAME,-1,-1;SHAPE_Length "SHAPE_Length" false true true 8 Double 0 0 ,First,#,D:\数据处理\2016年100万数据\data\J51\制图成果数据\maindataframe.gdb\MainDataFrame\BOUA,SHAPE_Length,-1,-1;SHAPE_Area "SHAPE_Area" false true true 8 Double 0 0 ,First,#,D:\数据处理\2016年100万数据\data\J51\制图成果数据\maindataframe.gdb\MainDataFrame\BOUA,SHAPE_Area,-1,-1" #</Process><Process ToolSource="c:\program files (x86)\arcgis\desktop10.2\ArcToolbox\Toolboxes\Data Management Tools.tbx\Append" Date="20170619" Time="114920">Append D:\数据处理\2016年100万数据\data\K43\制图成果数据\maindataframe.gdb\MainDataFrame\BOUA D:\BW.gdb\MainDataFrame\BOUA NO_TEST "PAC "PAC" true false false 4 Long 0 0 ,First,#,D:\数据处理\2016年100万数据\data\K43\制图成果数据\maindataframe.gdb\MainDataFrame\BOUA,PAC,-1,-1;NAME "NAME" true true false 60 Text 0 0 ,First,#,D:\数据处理\2016年100万数据\data\K43\制图成果数据\maindataframe.gdb\MainDataFrame\BOUA,NAME,-1,-1;SHAPE_Length "SHAPE_Length" false true true 8 Double 0 0 ,First,#,D:\数据处理\2016年100万数据\data\K43\制图成果数据\maindataframe.gdb\MainDataFrame\BOUA,SHAPE_Length,-1,-1;SHAPE_Area "SHAPE_Area" false true true 8 Double 0 0 ,First,#,D:\数据处理\2016年100万数据\data\K43\制图成果数据\maindataframe.gdb\MainDataFrame\BOUA,SHAPE_Area,-1,-1" #</Process><Process ToolSource="c:\program files (x86)\arcgis\desktop10.2\ArcToolbox\Toolboxes\Data Management Tools.tbx\Append" Date="20170619" Time="114957">Append D:\数据处理\2016年100万数据\data\K44\制图成果数据\maindataframe.gdb\MainDataFrame\BOUA D:\BW.gdb\MainDataFrame\BOUA NO_TEST "PAC "PAC" true false false 4 Long 0 0 ,First,#,D:\数据处理\2016年100万数据\data\K44\制图成果数据\maindataframe.gdb\MainDataFrame\BOUA,PAC,-1,-1;NAME "NAME" true true false 60 Text 0 0 ,First,#,D:\数据处理\2016年100万数据\data\K44\制图成果数据\maindataframe.gdb\MainDataFrame\BOUA,NAME,-1,-1;SHAPE_Length "SHAPE_Length" false true true 8 Double 0 0 ,First,#,D:\数据处理\2016年100万数据\data\K44\制图成果数据\maindataframe.gdb\MainDataFrame\BOUA,SHAPE_Length,-1,-1;SHAPE_Area "SHAPE_Area" false true true 8 Double 0 0 ,First,#,D:\数据处理\2016年100万数据\data\K44\制图成果数据\maindataframe.gdb\MainDataFrame\BOUA,SHAPE_Area,-1,-1" #</Process><Process ToolSource="c:\program files (x86)\arcgis\desktop10.2\ArcToolbox\Toolboxes\Data Management Tools.tbx\Append" Date="20170619" Time="115037">Append D:\数据处理\2016年100万数据\data\K45\制图成果数据\maindataframe.gdb\MainDataFrame\BOUA D:\BW.gdb\MainDataFrame\BOUA NO_TEST "PAC "PAC" true false false 4 Long 0 0 ,First,#,D:\数据处理\2016年100万数据\data\K45\制图成果数据\maindataframe.gdb\MainDataFrame\BOUA,PAC,-1,-1;NAME "NAME" true true false 60 Text 0 0 ,First,#,D:\数据处理\2016年100万数据\data\K45\制图成果数据\maindataframe.gdb\MainDataFrame\BOUA,NAME,-1,-1;SHAPE_Length "SHAPE_Length" false true true 8 Double 0 0 ,First,#,D:\数据处理\2016年100万数据\data\K45\制图成果数据\maindataframe.gdb\MainDataFrame\BOUA,SHAPE_Length,-1,-1;SHAPE_Area "SHAPE_Area" false true true 8 Double 0 0 ,First,#,D:\数据处理\2016年100万数据\data\K45\制图成果数据\maindataframe.gdb\MainDataFrame\BOUA,SHAPE_Area,-1,-1" #</Process><Process ToolSource="c:\program files (x86)\arcgis\desktop10.2\ArcToolbox\Toolboxes\Data Management Tools.tbx\Append" Date="20170619" Time="115119">Append D:\数据处理\2016年100万数据\data\K46\制图成果数据\maindataframe.gdb\MainDataFrame\BOUA D:\BW.gdb\MainDataFrame\BOUA NO_TEST "PAC "PAC" true false false 4 Long 0 0 ,First,#,D:\数据处理\2016年100万数据\data\K46\制图成果数据\maindataframe.gdb\MainDataFrame\BOUA,PAC,-1,-1;NAME "NAME" true true false 60 Text 0 0 ,First,#,D:\数据处理\2016年100万数据\data\K46\制图成果数据\maindataframe.gdb\MainDataFrame\BOUA,NAME,-1,-1;SHAPE_Length "SHAPE_Length" false true true 8 Double 0 0 ,First,#,D:\数据处理\2016年100万数据\data\K46\制图成果数据\maindataframe.gdb\MainDataFrame\BOUA,SHAPE_Length,-1,-1;SHAPE_Area "SHAPE_Area" false true true 8 Double 0 0 ,First,#,D:\数据处理\2016年100万数据\data\K46\制图成果数据\maindataframe.gdb\MainDataFrame\BOUA,SHAPE_Area,-1,-1" #</Process><Process ToolSource="c:\program files (x86)\arcgis\desktop10.2\ArcToolbox\Toolboxes\Data Management Tools.tbx\Append" Date="20170619" Time="115155">Append D:\数据处理\2016年100万数据\data\K47\制图成果数据\maindataframe.gdb\MainDataFrame\BOUA D:\BW.gdb\MainDataFrame\BOUA NO_TEST "PAC "PAC" true false false 4 Long 0 0 ,First,#,D:\数据处理\2016年100万数据\data\K47\制图成果数据\maindataframe.gdb\MainDataFrame\BOUA,PAC,-1,-1;NAME "NAME" true true false 60 Text 0 0 ,First,#,D:\数据处理\2016年100万数据\data\K47\制图成果数据\maindataframe.gdb\MainDataFrame\BOUA,NAME,-1,-1;SHAPE_Length "SHAPE_Length" false true true 8 Double 0 0 ,First,#,D:\数据处理\2016年100万数据\data\K47\制图成果数据\maindataframe.gdb\MainDataFrame\BOUA,SHAPE_Length,-1,-1;SHAPE_Area "SHAPE_Area" false true true 8 Double 0 0 ,First,#,D:\数据处理\2016年100万数据\data\K47\制图成果数据\maindataframe.gdb\MainDataFrame\BOUA,SHAPE_Area,-1,-1" #</Process><Process ToolSource="c:\program files (x86)\arcgis\desktop10.2\ArcToolbox\Toolboxes\Data Management Tools.tbx\Append" Date="20170619" Time="115232">Append D:\数据处理\2016年100万数据\data\K48\制图成果数据\maindataframe.gdb\MainDataFrame\BOUA D:\BW.gdb\MainDataFrame\BOUA NO_TEST "PAC "PAC" true false false 4 Long 0 0 ,First,#,D:\数据处理\2016年100万数据\data\K48\制图成果数据\maindataframe.gdb\MainDataFrame\BOUA,PAC,-1,-1;NAME "NAME" true true false 60 Text 0 0 ,First,#,D:\数据处理\2016年100万数据\data\K48\制图成果数据\maindataframe.gdb\MainDataFrame\BOUA,NAME,-1,-1;SHAPE_Length "SHAPE_Length" false true true 8 Double 0 0 ,First,#,D:\数据处理\2016年100万数据\data\K48\制图成果数据\maindataframe.gdb\MainDataFrame\BOUA,SHAPE_Length,-1,-1;SHAPE_Area "SHAPE_Area" false true true 8 Double 0 0 ,First,#,D:\数据处理\2016年100万数据\data\K48\制图成果数据\maindataframe.gdb\MainDataFrame\BOUA,SHAPE_Area,-1,-1" #</Process><Process ToolSource="c:\program files (x86)\arcgis\desktop10.2\ArcToolbox\Toolboxes\Data Management Tools.tbx\Append" Date="20170619" Time="115307">Append D:\数据处理\2016年100万数据\data\K49\制图成果数据\maindataframe.gdb\MainDataFrame\BOUA D:\BW.gdb\MainDataFrame\BOUA NO_TEST "PAC "PAC" true false false 4 Long 0 0 ,First,#,D:\数据处理\2016年100万数据\data\K49\制图成果数据\maindataframe.gdb\MainDataFrame\BOUA,PAC,-1,-1;NAME "NAME" true true false 60 Text 0 0 ,First,#,D:\数据处理\2016年100万数据\data\K49\制图成果数据\maindataframe.gdb\MainDataFrame\BOUA,NAME,-1,-1;SHAPE_Length "SHAPE_Length" false true true 8 Double 0 0 ,First,#,D:\数据处理\2016年100万数据\data\K49\制图成果数据\maindataframe.gdb\MainDataFrame\BOUA,SHAPE_Length,-1,-1;SHAPE_Area "SHAPE_Area" false true true 8 Double 0 0 ,First,#,D:\数据处理\2016年100万数据\data\K49\制图成果数据\maindataframe.gdb\MainDataFrame\BOUA,SHAPE_Area,-1,-1" #</Process><Process ToolSource="c:\program files (x86)\arcgis\desktop10.2\ArcToolbox\Toolboxes\Data Management Tools.tbx\Append" Date="20170619" Time="115345">Append D:\数据处理\2016年100万数据\data\K50\制图成果数据\maindataframe.gdb\MainDataFrame\BOUA D:\BW.gdb\MainDataFrame\BOUA NO_TEST "PAC "PAC" true false false 4 Long 0 0 ,First,#,D:\数据处理\2016年100万数据\data\K50\制图成果数据\maindataframe.gdb\MainDataFrame\BOUA,PAC,-1,-1;NAME "NAME" true true false 60 Text 0 0 ,First,#,D:\数据处理\2016年100万数据\data\K50\制图成果数据\maindataframe.gdb\MainDataFrame\BOUA,NAME,-1,-1;SHAPE_Length "SHAPE_Length" false true true 8 Double 0 0 ,First,#,D:\数据处理\2016年100万数据\data\K50\制图成果数据\maindataframe.gdb\MainDataFrame\BOUA,SHAPE_Length,-1,-1;SHAPE_Area "SHAPE_Area" false true true 8 Double 0 0 ,First,#,D:\数据处理\2016年100万数据\data\K50\制图成果数据\maindataframe.gdb\MainDataFrame\BOUA,SHAPE_Area,-1,-1" #</Process><Process ToolSource="c:\program files (x86)\arcgis\desktop10.2\ArcToolbox\Toolboxes\Data Management Tools.tbx\Append" Date="20170619" Time="115425">Append D:\数据处理\2016年100万数据\data\K51\制图成果数据\maindataframe.gdb\MainDataFrame\BOUA D:\BW.gdb\MainDataFrame\BOUA NO_TEST "PAC "PAC" true false false 4 Long 0 0 ,First,#,D:\数据处理\2016年100万数据\data\K51\制图成果数据\maindataframe.gdb\MainDataFrame\BOUA,PAC,-1,-1;NAME "NAME" true true false 60 Text 0 0 ,First,#,D:\数据处理\2016年100万数据\data\K51\制图成果数据\maindataframe.gdb\MainDataFrame\BOUA,NAME,-1,-1;SHAPE_Length "SHAPE_Length" false true true 8 Double 0 0 ,First,#,D:\数据处理\2016年100万数据\data\K51\制图成果数据\maindataframe.gdb\MainDataFrame\BOUA,SHAPE_Length,-1,-1;SHAPE_Area "SHAPE_Area" false true true 8 Double 0 0 ,First,#,D:\数据处理\2016年100万数据\data\K51\制图成果数据\maindataframe.gdb\MainDataFrame\BOUA,SHAPE_Area,-1,-1" #</Process><Process ToolSource="c:\program files (x86)\arcgis\desktop10.2\ArcToolbox\Toolboxes\Data Management Tools.tbx\Append" Date="20170619" Time="115503">Append D:\数据处理\2016年100万数据\data\K52\制图成果数据\maindataframe.gdb\MainDataFrame\BOUA D:\BW.gdb\MainDataFrame\BOUA NO_TEST "PAC "PAC" true false false 4 Long 0 0 ,First,#,D:\数据处理\2016年100万数据\data\K52\制图成果数据\maindataframe.gdb\MainDataFrame\BOUA,PAC,-1,-1;NAME "NAME" true true false 60 Text 0 0 ,First,#,D:\数据处理\2016年100万数据\data\K52\制图成果数据\maindataframe.gdb\MainDataFrame\BOUA,NAME,-1,-1;SHAPE_Length "SHAPE_Length" false true true 8 Double 0 0 ,First,#,D:\数据处理\2016年100万数据\data\K52\制图成果数据\maindataframe.gdb\MainDataFrame\BOUA,SHAPE_Length,-1,-1;SHAPE_Area "SHAPE_Area" false true true 8 Double 0 0 ,First,#,D:\数据处理\2016年100万数据\data\K52\制图成果数据\maindataframe.gdb\MainDataFrame\BOUA,SHAPE_Area,-1,-1" #</Process><Process ToolSource="c:\program files (x86)\arcgis\desktop10.2\ArcToolbox\Toolboxes\Data Management Tools.tbx\Append" Date="20170619" Time="115542">Append D:\数据处理\2016年100万数据\data\L44\制图成果数据\maindataframe.gdb\MainDataFrame\BOUA D:\BW.gdb\MainDataFrame\BOUA NO_TEST "PAC "PAC" true false false 4 Long 0 0 ,First,#,D:\数据处理\2016年100万数据\data\L44\制图成果数据\maindataframe.gdb\MainDataFrame\BOUA,PAC,-1,-1;NAME "NAME" true true false 60 Text 0 0 ,First,#,D:\数据处理\2016年100万数据\data\L44\制图成果数据\maindataframe.gdb\MainDataFrame\BOUA,NAME,-1,-1;SHAPE_Length "SHAPE_Length" false true true 8 Double 0 0 ,First,#,D:\数据处理\2016年100万数据\data\L44\制图成果数据\maindataframe.gdb\MainDataFrame\BOUA,SHAPE_Length,-1,-1;SHAPE_Area "SHAPE_Area" false true true 8 Double 0 0 ,First,#,D:\数据处理\2016年100万数据\data\L44\制图成果数据\maindataframe.gdb\MainDataFrame\BOUA,SHAPE_Area,-1,-1" #</Process><Process ToolSource="c:\program files (x86)\arcgis\desktop10.2\ArcToolbox\Toolboxes\Data Management Tools.tbx\Append" Date="20170619" Time="115619">Append D:\数据处理\2016年100万数据\data\L45\制图成果数据\maindataframe.gdb\MainDataFrame\BOUA D:\BW.gdb\MainDataFrame\BOUA NO_TEST "PAC "PAC" true false false 4 Long 0 0 ,First,#,D:\数据处理\2016年100万数据\data\L45\制图成果数据\maindataframe.gdb\MainDataFrame\BOUA,PAC,-1,-1;NAME "NAME" true true false 60 Text 0 0 ,First,#,D:\数据处理\2016年100万数据\data\L45\制图成果数据\maindataframe.gdb\MainDataFrame\BOUA,NAME,-1,-1;SHAPE_Length "SHAPE_Length" false true true 8 Double 0 0 ,First,#,D:\数据处理\2016年100万数据\data\L45\制图成果数据\maindataframe.gdb\MainDataFrame\BOUA,SHAPE_Length,-1,-1;SHAPE_Area "SHAPE_Area" false true true 8 Double 0 0 ,First,#,D:\数据处理\2016年100万数据\data\L45\制图成果数据\maindataframe.gdb\MainDataFrame\BOUA,SHAPE_Area,-1,-1" #</Process><Process ToolSource="c:\program files (x86)\arcgis\desktop10.2\ArcToolbox\Toolboxes\Data Management Tools.tbx\Append" Date="20170619" Time="115659">Append D:\数据处理\2016年100万数据\data\L46\制图成果数据\maindataframe.gdb\MainDataFrame\BOUA D:\BW.gdb\MainDataFrame\BOUA NO_TEST "PAC "PAC" true false false 4 Long 0 0 ,First,#,D:\数据处理\2016年100万数据\data\L46\制图成果数据\maindataframe.gdb\MainDataFrame\BOUA,PAC,-1,-1;NAME "NAME" true true false 60 Text 0 0 ,First,#,D:\数据处理\2016年100万数据\data\L46\制图成果数据\maindataframe.gdb\MainDataFrame\BOUA,NAME,-1,-1;SHAPE_Length "SHAPE_Length" false true true 8 Double 0 0 ,First,#,D:\数据处理\2016年100万数据\data\L46\制图成果数据\maindataframe.gdb\MainDataFrame\BOUA,SHAPE_Length,-1,-1;SHAPE_Area "SHAPE_Area" false true true 8 Double 0 0 ,First,#,D:\数据处理\2016年100万数据\data\L46\制图成果数据\maindataframe.gdb\MainDataFrame\BOUA,SHAPE_Area,-1,-1" #</Process><Process ToolSource="c:\program files (x86)\arcgis\desktop10.2\ArcToolbox\Toolboxes\Data Management Tools.tbx\Append" Date="20170619" Time="115736">Append D:\数据处理\2016年100万数据\data\L49\制图成果数据\maindataframe.gdb\MainDataFrame\BOUA D:\BW.gdb\MainDataFrame\BOUA NO_TEST "PAC "PAC" true false false 4 Long 0 0 ,First,#,D:\数据处理\2016年100万数据\data\L49\制图成果数据\maindataframe.gdb\MainDataFrame\BOUA,PAC,-1,-1;NAME "NAME" true true false 60 Text 0 0 ,First,#,D:\数据处理\2016年100万数据\data\L49\制图成果数据\maindataframe.gdb\MainDataFrame\BOUA,NAME,-1,-1;SHAPE_Length "SHAPE_Length" false true true 8 Double 0 0 ,First,#,D:\数据处理\2016年100万数据\data\L49\制图成果数据\maindataframe.gdb\MainDataFrame\BOUA,SHAPE_Length,-1,-1;SHAPE_Area "SHAPE_Area" false true true 8 Double 0 0 ,First,#,D:\数据处理\2016年100万数据\data\L49\制图成果数据\maindataframe.gdb\MainDataFrame\BOUA,SHAPE_Area,-1,-1" #</Process><Process ToolSource="c:\program files (x86)\arcgis\desktop10.2\ArcToolbox\Toolboxes\Data Management Tools.tbx\Append" Date="20170619" Time="115812">Append D:\数据处理\2016年100万数据\data\L50\制图成果数据\maindataframe.gdb\MainDataFrame\BOUA D:\BW.gdb\MainDataFrame\BOUA NO_TEST "PAC "PAC" true false false 4 Long 0 0 ,First,#,D:\数据处理\2016年100万数据\data\L50\制图成果数据\maindataframe.gdb\MainDataFrame\BOUA,PAC,-1,-1;NAME "NAME" true true false 60 Text 0 0 ,First,#,D:\数据处理\2016年100万数据\data\L50\制图成果数据\maindataframe.gdb\MainDataFrame\BOUA,NAME,-1,-1;SHAPE_Length "SHAPE_Length" false true true 8 Double 0 0 ,First,#,D:\数据处理\2016年100万数据\data\L50\制图成果数据\maindataframe.gdb\MainDataFrame\BOUA,SHAPE_Length,-1,-1;SHAPE_Area "SHAPE_Area" false true true 8 Double 0 0 ,First,#,D:\数据处理\2016年100万数据\data\L50\制图成果数据\maindataframe.gdb\MainDataFrame\BOUA,SHAPE_Area,-1,-1" #</Process><Process ToolSource="c:\program files (x86)\arcgis\desktop10.2\ArcToolbox\Toolboxes\Data Management Tools.tbx\Append" Date="20170619" Time="115850">Append D:\数据处理\2016年100万数据\data\L51\制图成果数据\maindataframe.gdb\MainDataFrame\BOUA D:\BW.gdb\MainDataFrame\BOUA NO_TEST "PAC "PAC" true false false 4 Long 0 0 ,First,#,D:\数据处理\2016年100万数据\data\L51\制图成果数据\maindataframe.gdb\MainDataFrame\BOUA,PAC,-1,-1;NAME "NAME" true true false 60 Text 0 0 ,First,#,D:\数据处理\2016年100万数据\data\L51\制图成果数据\maindataframe.gdb\MainDataFrame\BOUA,NAME,-1,-1;SHAPE_Length "SHAPE_Length" false true true 8 Double 0 0 ,First,#,D:\数据处理\2016年100万数据\data\L51\制图成果数据\maindataframe.gdb\MainDataFrame\BOUA,SHAPE_Length,-1,-1;SHAPE_Area "SHAPE_Area" false true true 8 Double 0 0 ,First,#,D:\数据处理\2016年100万数据\data\L51\制图成果数据\maindataframe.gdb\MainDataFrame\BOUA,SHAPE_Area,-1,-1" #</Process><Process ToolSource="c:\program files (x86)\arcgis\desktop10.2\ArcToolbox\Toolboxes\Data Management Tools.tbx\Append" Date="20170619" Time="115929">Append D:\数据处理\2016年100万数据\data\L52\制图成果数据\maindataframe.gdb\MainDataFrame\BOUA D:\BW.gdb\MainDataFrame\BOUA NO_TEST "PAC "PAC" true false false 4 Long 0 0 ,First,#,D:\数据处理\2016年100万数据\data\L52\制图成果数据\maindataframe.gdb\MainDataFrame\BOUA,PAC,-1,-1;NAME "NAME" true true false 60 Text 0 0 ,First,#,D:\数据处理\2016年100万数据\data\L52\制图成果数据\maindataframe.gdb\MainDataFrame\BOUA,NAME,-1,-1;SHAPE_Length "SHAPE_Length" false true true 8 Double 0 0 ,First,#,D:\数据处理\2016年100万数据\data\L52\制图成果数据\maindataframe.gdb\MainDataFrame\BOUA,SHAPE_Length,-1,-1;SHAPE_Area "SHAPE_Area" false true true 8 Double 0 0 ,First,#,D:\数据处理\2016年100万数据\data\L52\制图成果数据\maindataframe.gdb\MainDataFrame\BOUA,SHAPE_Area,-1,-1" #</Process><Process ToolSource="c:\program files (x86)\arcgis\desktop10.2\ArcToolbox\Toolboxes\Data Management Tools.tbx\Append" Date="20170619" Time="120008">Append D:\数据处理\2016年100万数据\data\L53\制图成果数据\maindataframe.gdb\MainDataFrame\BOUA D:\BW.gdb\MainDataFrame\BOUA NO_TEST "PAC "PAC" true false false 4 Long 0 0 ,First,#,D:\数据处理\2016年100万数据\data\L53\制图成果数据\maindataframe.gdb\MainDataFrame\BOUA,PAC,-1,-1;NAME "NAME" true true false 60 Text 0 0 ,First,#,D:\数据处理\2016年100万数据\data\L53\制图成果数据\maindataframe.gdb\MainDataFrame\BOUA,NAME,-1,-1;SHAPE_Length "SHAPE_Length" false true true 8 Double 0 0 ,First,#,D:\数据处理\2016年100万数据\data\L53\制图成果数据\maindataframe.gdb\MainDataFrame\BOUA,SHAPE_Length,-1,-1;SHAPE_Area "SHAPE_Area" false true true 8 Double 0 0 ,First,#,D:\数据处理\2016年100万数据\data\L53\制图成果数据\maindataframe.gdb\MainDataFrame\BOUA,SHAPE_Area,-1,-1" #</Process><Process ToolSource="c:\program files (x86)\arcgis\desktop10.2\ArcToolbox\Toolboxes\Data Management Tools.tbx\Append" Date="20170619" Time="120045">Append D:\数据处理\2016年100万数据\data\M45\制图成果数据\maindataframe.gdb\MainDataFrame\BOUA D:\BW.gdb\MainDataFrame\BOUA NO_TEST "PAC "PAC" true false false 4 Long 0 0 ,First,#,D:\数据处理\2016年100万数据\data\M45\制图成果数据\maindataframe.gdb\MainDataFrame\BOUA,PAC,-1,-1;NAME "NAME" true true false 60 Text 0 0 ,First,#,D:\数据处理\2016年100万数据\data\M45\制图成果数据\maindataframe.gdb\MainDataFrame\BOUA,NAME,-1,-1;SHAPE_Length "SHAPE_Length" false true true 8 Double 0 0 ,First,#,D:\数据处理\2016年100万数据\data\M45\制图成果数据\maindataframe.gdb\MainDataFrame\BOUA,SHAPE_Length,-1,-1;SHAPE_Area "SHAPE_Area" false true true 8 Double 0 0 ,First,#,D:\数据处理\2016年100万数据\data\M45\制图成果数据\maindataframe.gdb\MainDataFrame\BOUA,SHAPE_Area,-1,-1" #</Process><Process ToolSource="c:\program files (x86)\arcgis\desktop10.2\ArcToolbox\Toolboxes\Data Management Tools.tbx\Append" Date="20170619" Time="120123">Append D:\数据处理\2016年100万数据\data\M50\制图成果数据\maindataframe.gdb\MainDataFrame\BOUA D:\BW.gdb\MainDataFrame\BOUA NO_TEST "PAC "PAC" true false false 4 Long 0 0 ,First,#,D:\数据处理\2016年100万数据\data\M50\制图成果数据\maindataframe.gdb\MainDataFrame\BOUA,PAC,-1,-1;NAME "NAME" true true false 60 Text 0 0 ,First,#,D:\数据处理\2016年100万数据\data\M50\制图成果数据\maindataframe.gdb\MainDataFrame\BOUA,NAME,-1,-1;SHAPE_Length "SHAPE_Length" false true true 8 Double 0 0 ,First,#,D:\数据处理\2016年100万数据\data\M50\制图成果数据\maindataframe.gdb\MainDataFrame\BOUA,SHAPE_Length,-1,-1;SHAPE_Area "SHAPE_Area" false true true 8 Double 0 0 ,First,#,D:\数据处理\2016年100万数据\data\M50\制图成果数据\maindataframe.gdb\MainDataFrame\BOUA,SHAPE_Area,-1,-1" #</Process><Process ToolSource="c:\program files (x86)\arcgis\desktop10.2\ArcToolbox\Toolboxes\Data Management Tools.tbx\Append" Date="20170619" Time="120159">Append D:\数据处理\2016年100万数据\data\M51\制图成果数据\maindataframe.gdb\MainDataFrame\BOUA D:\BW.gdb\MainDataFrame\BOUA NO_TEST "PAC "PAC" true false false 4 Long 0 0 ,First,#,D:\数据处理\2016年100万数据\data\M51\制图成果数据\maindataframe.gdb\MainDataFrame\BOUA,PAC,-1,-1;NAME "NAME" true true false 60 Text 0 0 ,First,#,D:\数据处理\2016年100万数据\data\M51\制图成果数据\maindataframe.gdb\MainDataFrame\BOUA,NAME,-1,-1;SHAPE_Length "SHAPE_Length" false true true 8 Double 0 0 ,First,#,D:\数据处理\2016年100万数据\data\M51\制图成果数据\maindataframe.gdb\MainDataFrame\BOUA,SHAPE_Length,-1,-1;SHAPE_Area "SHAPE_Area" false true true 8 Double 0 0 ,First,#,D:\数据处理\2016年100万数据\data\M51\制图成果数据\maindataframe.gdb\MainDataFrame\BOUA,SHAPE_Area,-1,-1" #</Process><Process ToolSource="c:\program files (x86)\arcgis\desktop10.2\ArcToolbox\Toolboxes\Data Management Tools.tbx\Append" Date="20170619" Time="120237">Append D:\数据处理\2016年100万数据\data\M52\制图成果数据\maindataframe.gdb\MainDataFrame\BOUA D:\BW.gdb\MainDataFrame\BOUA NO_TEST "PAC "PAC" true false false 4 Long 0 0 ,First,#,D:\数据处理\2016年100万数据\data\M52\制图成果数据\maindataframe.gdb\MainDataFrame\BOUA,PAC,-1,-1;NAME "NAME" true true false 60 Text 0 0 ,First,#,D:\数据处理\2016年100万数据\data\M52\制图成果数据\maindataframe.gdb\MainDataFrame\BOUA,NAME,-1,-1;SHAPE_Length "SHAPE_Length" false true true 8 Double 0 0 ,First,#,D:\数据处理\2016年100万数据\data\M52\制图成果数据\maindataframe.gdb\MainDataFrame\BOUA,SHAPE_Length,-1,-1;SHAPE_Area "SHAPE_Area" false true true 8 Double 0 0 ,First,#,D:\数据处理\2016年100万数据\data\M52\制图成果数据\maindataframe.gdb\MainDataFrame\BOUA,SHAPE_Area,-1,-1" #</Process><Process ToolSource="c:\program files (x86)\arcgis\desktop10.2\ArcToolbox\Toolboxes\Data Management Tools.tbx\Append" Date="20170619" Time="120312">Append D:\数据处理\2016年100万数据\data\M53\制图成果数据\maindataframe.gdb\MainDataFrame\BOUA D:\BW.gdb\MainDataFrame\BOUA NO_TEST "PAC "PAC" true false false 4 Long 0 0 ,First,#,D:\数据处理\2016年100万数据\data\M53\制图成果数据\maindataframe.gdb\MainDataFrame\BOUA,PAC,-1,-1;NAME "NAME" true true false 60 Text 0 0 ,First,#,D:\数据处理\2016年100万数据\data\M53\制图成果数据\maindataframe.gdb\MainDataFrame\BOUA,NAME,-1,-1;SHAPE_Length "SHAPE_Length" false true true 8 Double 0 0 ,First,#,D:\数据处理\2016年100万数据\data\M53\制图成果数据\maindataframe.gdb\MainDataFrame\BOUA,SHAPE_Length,-1,-1;SHAPE_Area "SHAPE_Area" false true true 8 Double 0 0 ,First,#,D:\数据处理\2016年100万数据\data\M53\制图成果数据\maindataframe.gdb\MainDataFrame\BOUA,SHAPE_Area,-1,-1" #</Process><Process ToolSource="c:\program files (x86)\arcgis\desktop10.2\ArcToolbox\Toolboxes\Data Management Tools.tbx\Append" Date="20170619" Time="120347">Append D:\数据处理\2016年100万数据\data\N51\制图成果数据\maindataframe.gdb\MainDataFrame\BOUA D:\BW.gdb\MainDataFrame\BOUA NO_TEST "PAC "PAC" true false false 4 Long 0 0 ,First,#,D:\数据处理\2016年100万数据\data\N51\制图成果数据\maindataframe.gdb\MainDataFrame\BOUA,PAC,-1,-1;NAME "NAME" true true false 60 Text 0 0 ,First,#,D:\数据处理\2016年100万数据\data\N51\制图成果数据\maindataframe.gdb\MainDataFrame\BOUA,NAME,-1,-1;SHAPE_Length "SHAPE_Length" false true true 8 Double 0 0 ,First,#,D:\数据处理\2016年100万数据\data\N51\制图成果数据\maindataframe.gdb\MainDataFrame\BOUA,SHAPE_Length,-1,-1;SHAPE_Area "SHAPE_Area" false true true 8 Double 0 0 ,First,#,D:\数据处理\2016年100万数据\data\N51\制图成果数据\maindataframe.gdb\MainDataFrame\BOUA,SHAPE_Area,-1,-1" #</Process><Process ToolSource="c:\program files (x86)\arcgis\desktop10.2\ArcToolbox\Toolboxes\Data Management Tools.tbx\Append" Date="20170619" Time="120423">Append D:\数据处理\2016年100万数据\data\N52\制图成果数据\maindataframe.gdb\MainDataFrame\BOUA D:\BW.gdb\MainDataFrame\BOUA NO_TEST "PAC "PAC" true false false 4 Long 0 0 ,First,#,D:\数据处理\2016年100万数据\data\N52\制图成果数据\maindataframe.gdb\MainDataFrame\BOUA,PAC,-1,-1;NAME "NAME" true true false 60 Text 0 0 ,First,#,D:\数据处理\2016年100万数据\data\N52\制图成果数据\maindataframe.gdb\MainDataFrame\BOUA,NAME,-1,-1;SHAPE_Length "SHAPE_Length" false true true 8 Double 0 0 ,First,#,D:\数据处理\2016年100万数据\data\N52\制图成果数据\maindataframe.gdb\MainDataFrame\BOUA,SHAPE_Length,-1,-1;SHAPE_Area "SHAPE_Area" false true true 8 Double 0 0 ,First,#,D:\数据处理\2016年100万数据\data\N52\制图成果数据\maindataframe.gdb\MainDataFrame\BOUA,SHAPE_Area,-1,-1" #</Process><Process ToolSource="C:\Program Files (x86)\ArcGIS\ArcToolbox\Toolboxes\Data Management Tools.tbx\Append" Date="20171106" Time="171432">Append E:\2016百万成果处理\处理完成\陕西\I48\制图成果数据\MainDataFrame.gdb/BOUA E:\2016百万成果处理\提供给信息服务部\I48.gdb\BOUA NO_TEST "PAC 'PAC' true false false 4 Long 0 0 ,First,#,E:\2016百万成果处理\处理完成\陕西\I48\制图成果数据\MainDataFrame.gdb/BOUA,PAC,-1,-1;NAME 'NAME' true true false 60 Text 0 0 ,First,#,E:\2016百万成果处理\处理完成\陕西\I48\制图成果数据\MainDataFrame.gdb/BOUA,NAME,-1,-1;SHAPE_Length 'SHAPE_Length' false true true 8 Double 0 0 ,First,#,E:\2016百万成果处理\处理完成\陕西\I48\制图成果数据\MainDataFrame.gdb/BOUA,SHAPE_Length,-1,-1;SHAPE_Area 'SHAPE_Area' false true true 8 Double 0 0 ,First,#,E:\2016百万成果处理\处理完成\陕西\I48\制图成果数据\MainDataFrame.gdb/BOUA,SHAPE_Area,-1,-1" # E:\2016百万成果处理\提供给信息服务部\I48.gdb\BOUA</Process><Process ToolSource="c:\program files (x86)\arcgis\desktop10.6\ArcToolbox\Toolboxes\Data Management Tools.tbx\Merge" Date="20191130" Time="135839">Merge 'BOUA 选择 2';'BOUA 选择' C:\Users\Administrator\Documents\ArcGIS\Default.gdb\BOUA_Merge1 "PAC "PAC" true true false 4 Long 0 0 ,First,#,BOUA 选择 2,PAC,-1,-1,BOUA 选择,PAC,-1,-1;NAME "NAME" true true false 60 Text 0 0 ,First,#,BOUA 选择 2,NAME,-1,-1,BOUA 选择,NAME,-1,-1;SHAPE_Length "SHAPE_Length" false true true 8 Double 0 0 ,First,#,BOUA 选择 2,SHAPE_Length,-1,-1,BOUA 选择,SHAPE_Length,-1,-1;SHAPE_Area "SHAPE_Area" false true true 8 Double 0 0 ,First,#,BOUA 选择 2,SHAPE_Area,-1,-1,BOUA 选择,SHAPE_Area,-1,-1"</Process><Process ToolSource="c:\program files (x86)\arcgis\desktop10.6\ArcToolbox\Toolboxes\Data Management Tools.tbx\Dissolve" Date="20191130" Time="140118">Dissolve 固原市 C:\Users\Administrator\Documents\ArcGIS\Default.gdb\BOUA_Merge1_Dissolve NAME # MULTI_PART DISSOLVE_LINES</Process></lineage><itemProps><itemLocation><linkage Sync="TRUE">file://\\DESKTOP-SML1SA2\D$\GEEdata\国家地界标准\guyuanshi - 副本\GYS\固原市5区县-面</linkage><protocol Sync="TRUE">Local Area Network</protocol></itemLocation><itemName Sync="TRUE">BOUA_Merge1_Dissolve</itemName><imsContentType Sync="TRUE">002</imsContentType></itemProps><coordRef><type Sync="TRUE">Geographic</type><geogcsn Sync="TRUE">CGCS_2000</geogcsn><csUnits Sync="TRUE">Angular Unit: Degree (0.017453)</csUnits><peXml Sync="TRUE">&lt;GeographicCoordinateSystem xsi:type='typens:GeographicCoordinateSystem' xmlns:xsi='http://www.w3.org/2001/XMLSchema-instance' xmlns:xs='http://www.w3.org/2001/XMLSchema' xmlns:typens='http://www.esri.com/schemas/ArcGIS/10.6'&gt;&lt;WKT&gt;GEOGCS[&amp;quot;CGCS_2000&amp;quot;,DATUM[&amp;quot;D_2000&amp;quot;,SPHEROID[&amp;quot;S_2000&amp;quot;,6378137.0,298.2572221010041]],PRIMEM[&amp;quot;Greenwich&amp;quot;,0.0],UNIT[&amp;quot;Degree&amp;quot;,0.0174532925199433]]&lt;/WKT&gt;&lt;XOrigin&gt;-500&lt;/XOrigin&gt;&lt;YOrigin&gt;-500&lt;/YOrigin&gt;&lt;XYScale&gt;199999999.99999997&lt;/XYScale&gt;&lt;ZOrigin&gt;-100000&lt;/ZOrigin&gt;&lt;ZScale&gt;10000&lt;/ZScale&gt;&lt;MOrigin&gt;-100000&lt;/MOrigin&gt;&lt;MScale&gt;10000&lt;/MScale&gt;&lt;XYTolerance&gt;1.0000000000000002e-08&lt;/XYTolerance&gt;&lt;ZTolerance&gt;0.001&lt;/ZTolerance&gt;&lt;MTolerance&gt;0.001&lt;/MTolerance&gt;&lt;HighPrecision&gt;true&lt;/HighPrecision&gt;&lt;LeftLongitude&gt;-180&lt;/LeftLongitude&gt;&lt;/GeographicCoordinateSystem&gt;</peXml></coordRef><copyHistory><copy source="D:\GEEdata\国家地界标准\guyuanshi - 副本\固原市5区县-面" dest="\\DESKTOP-SML1SA2\D$\GEEdata\国家地界标准\guyuanshi - 副本\GYS\固原市5区县-面" date="20200225" time="16025300"></copy></copyHistory></DataProperties><SyncDate>20191130</SyncDate><SyncTime>14011700</SyncTime><ModDate>20191130</ModDate><ModTime>14011700</ModTime><ArcGISFormat>1.0</ArcGISFormat></Esri><idinfo><native Sync="TRUE">Microsoft Windows Vista Version 6.1 (Build 7600) ; ESRI ArcCatalog 9.3.1.4000</native><descript><langdata Sync="TRUE">zh</langdata><abstract>REQUIRED: A brief narrative summary of the data set.</abstract><purpose>REQUIRED: A summary of the intentions with which the data set was developed.</purpose></descript><citation><citeinfo><origin>REQUIRED: The name of an organization or individual that developed the data set.</origin><pubdate>REQUIRED: The date when the data set is published or otherwise made available for release.</pubdate><title Sync="TRUE">BOUA</title><ftname Sync="TRUE">BOUA</ftname><geoform Sync="TRUE">vector digital data</geoform><onlink Sync="TRUE">\\DELL-PC\C$\Users\dell\Desktop\ljw\增量模板2014.gdb</onlink></citeinfo></citation><timeperd><current>REQUIRED: The basis on which the time period of content information is determined.</current><timeinfo><sngdate><caldate>REQUIRED: The year (and optionally month, or month and day) for which the data set corresponds to the ground.</caldate></sngdate></timeinfo></timeperd><status><progress>REQUIRED: The state of the data set.</progress><update>REQUIRED: The frequency with which changes and additions are made to the data set after the initial data set is completed.</update></status><spdom><bounding><westbc Sync="TRUE">REQUIRED: Western-most coordinate of the limit of coverage expressed in longitude.</westbc><eastbc Sync="TRUE">REQUIRED: Eastern-most coordinate of the limit of coverage expressed in longitude.</eastbc><northbc Sync="TRUE">REQUIRED: Northern-most coordinate of the limit of coverage expressed in latitude.</northbc><southbc Sync="TRUE">REQUIRED: Southern-most coordinate of the limit of coverage expressed in latitude.</southbc></bounding></spdom><keywords><theme><themekt>REQUIRED: Reference to a formally registered thesaurus or a similar authoritative source of theme keywords.</themekt><themekey>REQUIRED: Common-use word or phrase used to describe the subject of the data set.</themekey></theme></keywords><accconst>REQUIRED: Restrictions and legal prerequisites for accessing the data set.</accconst><useconst>REQUIRED: Restrictions and legal prerequisites for using the data set after access is granted.</useconst><natvform Sync="TRUE">File Geodatabase Feature Class</natvform></idinfo><dataIdInfo><envirDesc Sync="TRUE"> Version 6.2 (Build 9200) ; Esri ArcGIS 10.6.0.8321</envirDesc><dataLang><languageCode Sync="TRUE" value="zho"></languageCode><countryCode value="CHN" Sync="TRUE"></countryCode></dataLang><idCitation><resTitle Sync="TRUE">BOUA_Merge1_Dissolve</resTitle><presForm><PresFormCd value="005" Sync="TRUE"></PresFormCd></presForm></idCitation><spatRpType><SpatRepTypCd value="001" Sync="TRUE"></SpatRepTypCd></spatRpType></dataIdInfo><metainfo><langmeta Sync="TRUE">zh</langmeta><metstdn Sync="TRUE">FGDC Content Standards for Digital Geospatial Metadata</metstdn><metstdv Sync="TRUE">FGDC-STD-001-1998</metstdv><mettc Sync="TRUE">local time</mettc><metc><cntinfo><cntorgp><cntper>REQUIRED: The person responsible for the metadata information.</cntper><cntorg>REQUIRED: The organization responsible for the metadata information.</cntorg></cntorgp><cntaddr><addrtype>REQUIRED: The mailing and/or physical address for the organization or individual.</addrtype><city>REQUIRED: The city of the address.</city><state>REQUIRED: The state or province of the address.</state><postal>REQUIRED: The ZIP or other postal code of the address.</postal></cntaddr><cntvoice>REQUIRED: The telephone number by which individuals can speak to the organization or individual.</cntvoice></cntinfo></metc><metd Sync="TRUE">20140118</metd></metainfo><mdLang><languageCode Sync="TRUE" value="zho"></languageCode><countryCode value="CHN" Sync="TRUE"></countryCode></mdLang><mdStanName Sync="TRUE">ISO 19115 Geographic Information - Metadata</mdStanName><mdStanVer Sync="TRUE">DIS_ESRI1.0</mdStanVer><mdChar><CharSetCd Sync="TRUE" value="004"></CharSetCd></mdChar><mdHrLv><ScopeCd Sync="TRUE" value="005"></ScopeCd></mdHrLv><mdHrLvName Sync="TRUE">dataset</mdHrLvName><distinfo><resdesc Sync="TRUE">Downloadable Data</resdesc></distinfo><distInfo><distributor><distorTran><onLineSrc><orDesc Sync="TRUE">002</orDesc><linkage Sync="TRUE">file://\\DELL-PC\C$\Users\dell\Desktop\ljw\增量模板2014.gdb</linkage><protocol Sync="TRUE">Local Area Network</protocol></onLineSrc></distorTran><distorFormat><formatName Sync="TRUE">File Geodatabase Feature Class</formatName></distorFormat></distributor><distFormat><formatName Sync="TRUE">文件地理数据库要素类</formatName></distFormat></distInfo><spdoinfo><direct Sync="TRUE">Vector</direct><ptvctinf><esriterm Name="BOUA_Merge1_Dissolve"><efeatyp Sync="TRUE">Simple</efeatyp><efeageom code="4" Sync="TRUE"></efeageom><esritopo Sync="TRUE">FALSE</esritopo><efeacnt Sync="TRUE">0</efeacnt><spindex Sync="TRUE">TRUE</spindex><linrefer Sync="TRUE">FALSE</linrefer></esriterm></ptvctinf></spdoinfo><spref><horizsys><cordsysn><geogcsn Sync="TRUE">CGCS_2000</geogcsn></cordsysn><geograph><geogunit Sync="TRUE">Decimal degrees</geogunit><latres Sync="TRUE">0.000000</latres><longres Sync="TRUE">0.000000</longres></geograph><geodetic><horizdn Sync="TRUE">D_2000</horizdn><ellips Sync="TRUE">S_2000</ellips><semiaxis Sync="TRUE">6378137.000000</semiaxis><denflat Sync="TRUE">298.257222</denflat></geodetic></horizsys><vertdef><altsys><altenc Sync="TRUE">Explicit elevation coordinate included with horizontal coordinates</altenc><altres Sync="TRUE">0.000010</altres></altsys></vertdef></spref><refSysInfo><RefSystem><refSysID><identCode Sync="TRUE" code="0">CGCS_2000</identCode></refSysID></RefSystem></refSysInfo><spatRepInfo><VectSpatRep><geometObjs Name="BOUA_Merge1_Dissolve"><geoObjTyp><GeoObjTypCd value="002" Sync="TRUE"></GeoObjTypCd></geoObjTyp><geoObjCnt Sync="TRUE">0</geoObjCnt></geometObjs><topLvl><TopoLevCd value="001" Sync="TRUE"></TopoLevCd></topLvl></VectSpatRep></spatRepInfo><eainfo><detailed Name="BOUA_Merge1_Dissolve"><enttyp><enttypl Sync="TRUE">BOUA_Merge1_Dissolve</enttypl><enttypt Sync="TRUE">Feature Class</enttypt><enttypc Sync="TRUE">0</enttypc></enttyp><attr><attrlabl Sync="TRUE">OBJECTID</attrlabl><attalias Sync="TRUE">OBJECTID</attalias><attrtype Sync="TRUE">OID</attrtype><attwidth Sync="TRUE">4</attwidth><atprecis Sync="TRUE">0</atprecis><attscale Sync="TRUE">0</attscale><attrdef Sync="TRUE">Internal feature number.</attrdef><attrdefs Sync="TRUE">ESRI</attrdefs><attrdomv><udom Sync="TRUE">Sequential unique whole numbers that are automatically generated.</udom></attrdomv></attr><attr><attrlabl Sync="TRUE">SHAPE</attrlabl><attalias Sync="TRUE">Shape</attalias><attrtype Sync="TRUE">Geometry</attrtype><attwidth Sync="TRUE">0</attwidth><atprecis Sync="TRUE">0</atprecis><attscale Sync="TRUE">0</attscale><attrdef Sync="TRUE">Feature geometry.</attrdef><attrdefs Sync="TRUE">ESRI</attrdefs><attrdomv><udom Sync="TRUE">Coordinates defining the features.</udom></attrdomv></attr><attr><attrlabl Sync="TRUE">NAME</attrlabl><attalias Sync="TRUE">NAME</attalias><attrtype Sync="TRUE">String</attrtype><attwidth Sync="TRUE">60</attwidth><atprecis Sync="TRUE">0</atprecis><attscale Sync="TRUE">0</attscale></attr><attr><attrlabl Sync="TRUE">SHAPE_Length</attrlabl><attalias Sync="TRUE">Shape_Length</attalias><attrtype Sync="TRUE">Double</attrtype><attwidth Sync="TRUE">8</attwidth><atprecis Sync="TRUE">0</atprecis><attscale Sync="TRUE">0</attscale><attrdef Sync="TRUE">Length of feature in internal units.</attrdef><attrdefs Sync="TRUE">ESRI</attrdefs><attrdomv><udom Sync="TRUE">Positive real numbers that are automatically generated.</udom></attrdomv></attr><attr><attrlabl Sync="TRUE">SHAPE_Area</attrlabl><attalias Sync="TRUE">Shape_Area</attalias><attrtype Sync="TRUE">Double</attrtype><attwidth Sync="TRUE">8</attwidth><atprecis Sync="TRUE">0</atprecis><attscale Sync="TRUE">0</attscale><attrdef Sync="TRUE">Area of feature in internal units squared.</attrdef><attrdefs Sync="TRUE">ESRI</attrdefs><attrdomv><udom Sync="TRUE">Positive real numbers that are automatically generated.</udom></attrdomv></attr></detailed></eainfo><mdDateSt Sync="TRUE">20191130</mdDateSt></metadata>
