<?xml version="1.0" encoding="UTF-8"?>
<metadata xml:lang="zh"><Esri><CreaDate>20200317</CreaDate><CreaTime>11013100</CreaTime><ArcGISFormat>1.0</ArcGISFormat><SyncOnce>TRUE</SyncOnce><DataProperties><lineage><Process ToolSource="c:\program files (x86)\arcgis\desktop10.6\ArcToolbox\Toolboxes\Data Management Tools.tbx\CreateFishnet" Date="20200107" Time="192831">CreateFishnet D:\GEEdata\guyuanshi\固原市格网5km5km面.shp "528726.620904807 3899539.14422259" "528726.620904807 3899549.14422259" 5000 5000 # # "677878.364455446 4043398.71435602" NO_LABELS 固原市Export_Output POLYGON</Process></lineage></DataProperties></Esri></metadata>
