<?xml version="1.0" encoding="UTF-8"?>
<metadata xml:lang="zh"><Esri><CreaDate>20200316</CreaDate><CreaTime>16422400</CreaTime><ArcGISFormat>1.0</ArcGISFormat><SyncOnce>TRUE</SyncOnce><DataProperties><lineage><Process ToolSource="c:\program files (x86)\arcgis\desktop10.6\ArcToolbox\Toolboxes\Data Management Tools.tbx\CalculateField" Date="20200316" Time="164216">CalculateField other2010-2015a20200316 landcover 0 VB #</Process></lineage><itemProps><itemLocation><linkage Sync="TRUE">file://\\DESKTOP-06QDNQH\D$\GEEdata\重要数据备份\new Simples\other2010-2015a20200316</linkage><protocol Sync="TRUE">Local Area Network</protocol></itemLocation></itemProps><copyHistory><copy source="C:\Users\lwy\Desktop\temp\other2010-2015a20200316" dest="\\DESKTOP-06QDNQH\D$\GEEdata\重要数据备份\new Simples\other2010-2015a20200316" date="20200316" time="16422400"></copy></copyHistory></DataProperties></Esri></metadata>
