<?xml version="1.0" encoding="UTF-8"?>
<metadata xml:lang="zh"><Esri><CreaDate>20200322</CreaDate><CreaTime>09280800</CreaTime><ArcGISFormat>1.0</ArcGISFormat><SyncOnce>TRUE</SyncOnce><DataProperties><lineage><Process ToolSource="c:\program files (x86)\arcgis\desktop10.6\ArcToolbox\Toolboxes\Data Management Tools.tbx\CalculateField" Date="20200316" Time="164216">CalculateField other2010-2015a20200316 landcover 0 VB #</Process></lineage><itemProps><itemLocation><linkage Sync="TRUE">file://\\DESKTOP-06QDNQH\D$\GEEdata\重要数据备份\new Simples\other2000-308</linkage><protocol Sync="TRUE">Local Area Network</protocol></itemLocation></itemProps><copyHistory><copy source="C:\Users\lwy\Desktop\新建文件夹2\other2000-308" dest="\\DESKTOP-06QDNQH\D$\GEEdata\重要数据备份\new Simples\other2000-308" date="20200322" time="09280800"></copy></copyHistory></DataProperties></Esri></metadata>
