<?xml version="1.0" encoding="UTF-8"?>
<metadata xml:lang="zh"><Esri><CreaDate>20200322</CreaDate><CreaTime>09281000</CreaTime><ArcGISFormat>1.0</ArcGISFormat><SyncOnce>TRUE</SyncOnce><DataProperties><lineage><Process ToolSource="c:\program files (x86)\arcgis\desktop10.6\ArcToolbox\Toolboxes\Data Management Tools.tbx\CalculateField" Date="20200322" Time="092604">CalculateField tt2000new landcover 1 VB #</Process></lineage><itemProps><itemLocation><linkage Sync="TRUE">file://\\DESKTOP-06QDNQH\D$\GEEdata\重要数据备份\new Simples\tt2000new-236</linkage><protocol Sync="TRUE">Local Area Network</protocol></itemLocation></itemProps><copyHistory><copy source="C:\Users\lwy\Desktop\新建文件夹2\tt2000new-236" dest="\\DESKTOP-06QDNQH\D$\GEEdata\重要数据备份\new Simples\tt2000new-236" date="20200322" time="09281000"></copy></copyHistory></DataProperties></Esri></metadata>
