<?xml version="1.0" encoding="UTF-8"?>
<metadata xml:lang="zh"><Esri><CreaDate>20200316</CreaDate><CreaTime>16361800</CreaTime><ArcGISFormat>1.0</ArcGISFormat><SyncOnce>TRUE</SyncOnce><DataProperties><itemProps><itemLocation><linkage Sync="TRUE">file://\\DESKTOP-06QDNQH\D$\GEEdata\重要数据备份\new Simples\tt2010-2015a20200225-804</linkage><protocol Sync="TRUE">Local Area Network</protocol></itemLocation></itemProps><copyHistory><copy source="D:\GEEdata\重要数据备份\tt2010-2015a20200225-804" dest="\\DESKTOP-06QDNQH\D$\GEEdata\重要数据备份\new Simples\tt2010-2015a20200225-804" date="20200316" time="16361800"></copy></copyHistory></DataProperties></Esri></metadata>
